astropy_u_astropy-12907	9da4650ab9ae0c50218c3fb322b1eaab875d99a9a816289be8581b5a1d246fb8	38334
astropy_u_astropy-13033	bad09b854d0fca8cf25591d5563d5b86290bb87c57258cd4f0f96e377761f084	1211231
astropy_u_astropy-13236	cb512e0c694f222d5946020c5836aebd81db881eff6d6feb3e0bb465897c1e44	47092
astropy_u_astropy-13398	2f3cabcd55e3fb32a67023dc0b6d07b2703ecb6e00c3ec14863f0d19e837e598	501145
astropy_u_astropy-13453	72140e7a91ffc5f02a81cd0d79bacc4381fbaecb7ebce3552e8a35de44a1c268	73538
astropy_u_astropy-13579	d3ac2fd5339b4db7d24fe4095424f8cf5a27e4b748fa959e0a89a2c7a7e31e34	269720
astropy_u_astropy-13977	851b1ef7446157db0b01ddd80b492bc76339df4442b739c297bebe8368bc3814	301104
astropy_u_astropy-14096	1374757e3e14d5b25a3412ae8016f49a08f5bd47c608a1485080bf79d1a7f8fb	352214
astropy_u_astropy-14182	373ea28109e5d6c69302ec4089544fbbedc5a74a5589ed5abf8e781cfc53cbe7	434899
astropy_u_astropy-14309	bee6dbf11013228d798ec475d27ab05441923a01fa3596c8dfefea76f1974d90	25903
astropy_u_astropy-14365	813c571b499fb3ffd114da8b3585dee614dd38eb5cf90161700971c19fb0634f	41614
astropy_u_astropy-14369	c077170ca7b292c2991007d17fa90ea15b9d87ea9e5f1f01db0af6c9ddb49593	98014
astropy_u_astropy-14508	af027a418b678570a7e355ae89de4f90f622b70d94bcb5d68f00471830fe0b56	24330
astropy_u_astropy-14539	2b10dbcacf92a295f4798b256cf7d6d5e555cf66049b8041429a634e3c87a16a	100692
astropy_u_astropy-14598	9c9fbf71e98463d982ff530fc5f400a0c606867a791a434368b13835cce2aaf0	12732
astropy_u_astropy-14995	37689d15f26ce17c0bb7d701a376ad112ae24fea4d5f9cb5d8ba62b68485d1cc	40754
astropy_u_astropy-7166	0fcd384d4521ebd06c4f2cf32c9705ed254d2c025ea169672a214a07c25cf057	42445
astropy_u_astropy-7336	b4122f206c59a59e9a25d4e709a2db50a3a30a3981a6732aae21e97f54d39aac	27007
astropy_u_astropy-7606	a1c7e20be038e678dfd021be44a0e0661bcce8a2e6b8c1466244d65450f4dc27	13157
astropy_u_astropy-7671	0a21e1e44f8923ce6b73f568df0efd810e15417d11bf938400dca5ce6334bad2	135636
astropy_u_astropy-8707	7ae76087d8ffcdb9ca46b7e80ed7111bf96834f19d541123c6bce756c831ff1a	21603
astropy_u_astropy-8872	0b83d6e9cd7ba0c23bd9339f3c762e97c8d8ee676897107e2833d1d0db361735	25440
django_u_django-10097	4b3d26674e9c053c706f462fb3f44646aa171f4944053fc42339c61f2bc30232	40343
django_u_django-10554	bd847b0455ca3a171d9196f9c9a8eac91aa1efda9f25f4c8870e46646d05bdfd	57377
django_u_django-10880	106d6f7441bba68401ad50db6976c7b1567586f9f76583eee2592ee1979c1975	42794
django_u_django-10914	655124d68709beaea7ba25d43169e9f2a05c06db6ad612b797777c176dd1b176	33246
django_u_django-10973	b380fdccd8a60422c037725a47d1f80c32f835772c39e4c94dc71708009165dd	22904
django_u_django-10999	bd939173a8ec2f9de9f991e4b0d92b6267e0d7dadd825f725ec82706d4f20a41	323654
django_u_django-11066	1fd747c32964ca6a513d17155d3adac2a3578c4e56ce74bfcc1c9cbe7750ad0b	10692
django_u_django-11087	3fae470b7791bcfbd771466f4e9c21d4391e86fd7b78150f501fcb4e63a76b5b	355166
django_u_django-11095	4d5bbb556a06e3ee33ef6f51012bfe86cd98dc683bf2b7d61f021b29f062a2ff	15742
django_u_django-11099	fa8a6a017d59860d787d2b8a21963b82890d5cb779c1b7fde2b877229b6ca4f0	893702
django_u_django-11119	d7893ced77dd8843fc6c71174bfa09c4d7d8fc2c993dc9dcf78134893e0b7c46	347908
django_u_django-11133	1e3a4d129da3b49e136fdbcb24a3afc393f1f44ac21a31169a34d9a7c4d604ec	36098
django_u_django-11138	126774abe7bd152ddce34a249030320bbdb4af91bd45100422bd884e3e8316bd	47301
django_u_django-11141	5b2869cd3a7deb0e7edb5c8f86cab21280d321f7b2a3adb98b7630634afb6d1b	38358
django_u_django-11149	a9a73f793fbf6cc8333b4edc282edc0adb5430cd82b2055c0433abd60b5f8abb	133512
django_u_django-11163	f75b4ad84c8a493f1d8057a7dea55defac59b052207ba89ace9ab8da50ac6d79	10177
django_u_django-11179	5aaae533799cb00225a3b47e47c34be381b2bf7988913ede5e418996dd875ed6	35593
django_u_django-11206	9d9159bcd548cd59bb981ea5c45355e79192284a8d6183be30c431816473ee8f	35168
django_u_django-11211	84b04a7311711c947f67c4319ab5790392dda65562d779bb1044d64365253871	14943
django_u_django-11239	df61185a6f888b9ccf0153e80f531390189f214c6ec371b0de8aaa5e675efa9a	19866
django_u_django-11265	75254e2626735d1e64661023efd8a20be25758b3f06ab770b27669b046060627	20928
django_u_django-11276	eb9e9a03cc7dc6def211cd5cf0e3ca7d3c15c79002ef37619f05b463b9e39c72	267154
django_u_django-11292	a87cdd26ac088652025026b7cd4f0ce1e01c2fc9d886f93fe89c8c5e36219813	40914
django_u_django-11299	ceb81105ab4c6db3f5bfa8783b3a9e7d17180e5d62d2d6a4161a0ab43c2f407b	78204
django_u_django-11333	97931a76f9e9a28c32a37c35c80e4f527d106a859307933b9795d6fac84e5535	13322
django_u_django-11400	85fd804e2a01e16f2e98b7dfe746a8ea61d77ca467273f0992774158d032bad3	22257
django_u_django-11433	422c275dc10479d1aff1ef2accc70c7e62876e076103db141c7e65e42d84da19	360628
django_u_django-11451	ecb4cc26fc39760b923e542026474a5bdd3806aa9e85de3af67e1276faedc389	24041
django_u_django-11477	42761dcd89092454a750486b4dcf5543338276badf16e6b3a49350624873ac5b	28816
django_u_django-11490	80180211e896650b912f05fe6124dc8e0769ac2cb2c8034d404ea8e9398ab5a7	320551
django_u_django-11532	ed52707499f581945d40628ab686f4d5fd0c3e504a6f8a8074b7acc3b3ec7e0f	331735
django_u_django-11551	a5f74d2254e3b7840479ba34d9e15dda48e82b700574ce201d306cd0cd21bc87	16104
django_u_django-11555	cd51fce18f596faf419d9300668b62b92f48d4d4d9e866f8deb4419ad17701bf	15654
django_u_django-11603	cf0fd11f1ea4dcd8b6b1d4ffe867864b3a17949f071c4e2fd92ecb42a1504f75	21524
django_u_django-11728	39c7d69937d1be5841c70d0d80c03605d25c2c4cbe627144ad33c7e3c33400d2	38112
django_u_django-11734	e64befad72a4729c2150f9a210766dd0e02eca53cd889d3e10b7014e6a5d78e8	73715
django_u_django-11740	1d33cbaaacdd96c5aa8f065d85ce609c671d5fa32e8a81a929d907f265e24a2d	937606
django_u_django-11749	95b3559bad038040b83ef92d8f581ec904746e32292929d6e863a4ea50f76467	100868
django_u_django-11790	bcbbdc5a233a67373ec84475a762abc2d943b3482bce7e696b4c3550261ab164	60649
django_u_django-11815	8df162756f731347512e0bf944ce012af3559e3fe0cbb7b2aa9a4cbbf1749773	864683
django_u_django-11820	fa9dfe3b63c0357458c0857110eb26e26b073c56e36a90e4195d66acf223ea8c	319236
django_u_django-11848	3de21b8dd500be5534aedb1c2fbe8e82d9cbf14cd24c2c45c91ca697eab5cf27	27254
django_u_django-11880	3433d278f2e62f747e2a6332486c2c7115900c4581ad9351c9cc0dbb3c9f6ee7	9873
django_u_django-11885	2df95f78f3ac1ea35eeca94e9899e0820bf4173a6c3343b9c734c0b1c4b24cc1	1139362
django_u_django-11951	5eb2232ae5c85ebb4ff40d92a5f8b2c9af1b8885535123bd5fe280108b770db2	19814
django_u_django-11964	e6ddc9d79270f1f782d877627f967f11c7ca2deaeb07ca0fc182a5c7154a3fe4	30988
django_u_django-11999	f94190aa533c8ad13d2354759012da9591bed8a1d162f8f17fa0bca02d225ccb	19315
django_u_django-12039	0db36758d871c2035846ec07713d1e8c421bc7ff8eef776c735461bc64aa9c97	11669
django_u_django-12125	2089fb0e3a127ab1cc690ed978caf6a09d7b806f13b8e75e5957f91934577008	99600
django_u_django-12143	d557d3bc5236da387b2f2d4a2803651d858a871ff6a66b0b48d4a6d19156cf13	10690
django_u_django-12155	34108c6189127bd3bd05a5fc67cb03ee5a524d29af474c1769b6d2304d5da428	18951
django_u_django-12193	9ef47c85d22435091f38d9247a4625916853be9bd13c770649efa0dffb71f48f	54408
django_u_django-12209	4541ee272e2d4fcd27f803fb305bd1388b32b78a146b57f10aeb771183517d03	336146
django_u_django-12262	a89109abbf9bcfc617155fc9946e4dab418ed457b69bff937a07022c0f1edde3	32177
django_u_django-12273	77e2bdf1381186910b2e76fa91b39052a2906344751b9d65717c166ad14b1386	18330
django_u_django-12276	c6deefcdd9aa604c8773197375836ec83c97bb7952dbbcae90c841ddae4346b0	9466
django_u_django-12304	d6d8b4c4b11a1687e64ed9c9e2763dfc46238fd5a9fbb9e207a9a58644bf03c9	13236
django_u_django-12308	c68fca19295030e8344a0787f699392c3775b6f0548eeacdf65db8eda711680b	101475
django_u_django-12325	3eca195c6d9919db2f6cf70c3d1088b4be61802c655eed227363ad2e6781a161	31222
django_u_django-12406	6c61867bc4b599c8c9d282c2ce8e32274df7f49a03a383c1801a1e7f6afae333	317558
django_u_django-12419	6fc158934e732d543831080d2541b8f1148b2fb8211c11a11dadeeca4b8b9063	33802
django_u_django-12663	7bab3387386d2d225e7ef7361b6b2facbbdbef303ba37ac422d8b9b202f73563	16880
django_u_django-12708	f3015b7889709ccb3d957929dc16a3f6e8a2b3f5536c18ea29be40c05a17d974	26389
django_u_django-12713	0b2d0633cbf2f1663eba74b5d87395c52f73c14b84aa71c21df05713508bd27b	17237
django_u_django-12741	c8ba2ba66c563a750e28ef7d1f6ee243fe0777d9b47dc64e0743bc2bbde38d72	13923
django_u_django-12754	903484736f6ebe4c590679ba3705730f4fe82e5325af68966d02d8a4c391501c	267363
django_u_django-12774	0f9163f13f7a8ae2f2b010405838bd96934585c6c112e351d67a817216774692	15903
django_u_django-12858	25365c67f805e94f08850621ee1baabf12179ccaddcd49961f30bbf154fc558b	336148
django_u_django-12965	931e867b2ecbad3d4abb43b0c89e623bcb10e80ef5274927c91af1835a30d03e	71252
django_u_django-13012	207523cdf91ba75bd77b287838c765fe4a452ef7a031b60b263d669e67275ff1	373300
django_u_django-13023	1f326583e400d65beb5b01fe866fd139246690600dbf16ef7866fe4cca0a8c22	371579
django_u_django-13028	386f50dba398d7927c90213ebc0e28d8ad5870edb90ca8bdf73931cab9e78dd3	1208984
django_u_django-13033	a2fe4ca5079000149566a2851f24dc9b4fcd53fe46ce79a985f0bb262d1a430d	341318
django_u_django-13089	b43dfe0f89530d38af60a5a1af13cca07684eee84efc59363b6109067940cb2f	347046
django_u_django-13109	6f6f0ee78741d6efd212fa1cb1aa62c018eb7aec0a6d3d90c7dc3a0720b7d8b0	17863
django_u_django-13112	8266ab3c89c9bac04579b97a7a8055fe4b8039eef0b9377a2f61ba858f63d0e3	1420470
django_u_django-13121	ed1440c027ab7ae73e4b752eb686023747c98b52e373f3707e11118845405a15	26988
django_u_django-13128	34a6ab91e7c4cc983cdeb72f339540a856ed44c0f972ff5ca2b0aceab27ff68d	333200
django_u_django-13158	0ec78d5af1bec839c8d72d779ccc40d740f5e328f19ce785c5e3591f309775fb	31595
django_u_django-13195	535349a8362dbcc11bb8caeb475cce2237ddd6b2dcf1b45b22b17ed1d8adc78b	46523
django_u_django-13212	20eee4352385bbdad7f756aa9bbbb2811c9e9915ffbe083ce75f3eaa25361af1	47566
django_u_django-13279	5365f1a3a213abc6d82c518d629627d30528595fdbeb251c9d0fef65c2dbcd90	1097823
django_u_django-13297	8870bb0cd73ff9a5ed17859f5c31ac80f2b6b2f618104b480a1a5a0ee0f67bd1	42713
django_u_django-13315	27dce05eadbb74a82c5da185d181a542ac9e74516c29c8b9a5a7d610a1edc0fd	46865
django_u_django-13343	1c7d79e04342e2976a2b5184f285a68b9aabd4cdc796f37ae957020caf1cf1fb	46584
django_u_django-13344	c685b29b989e23a4cb5c6824e8b9828e7a32b3e53839fda4d6e15a5f85d2e83a	443473
django_u_django-13346	2bfa9c721142119edf24f4859d063f93bed554e12022bfc6e5325b2d7778f5d0	54858
django_u_django-13363	d4e512cfeca8a82052327d1f6fba35a80b678e13935e637aa263f74bfb3b8213	23668
django_u_django-13401	387ee66e78f354b02e94974ab190712425137cb49284028a672adb89af9f49fe	14792
django_u_django-13406	14ef2c598aec18c803ec49d52f1c03e9214354aa6e85427de33f94a1e7360d6c	260131
django_u_django-13410	7e31d08bba4ded470e8b8dfb4498251ef700a4032e33eac44b90e4c1d529340d	12146
django_u_django-13417	d3dae9e45d4eead455058ea808bb13557a6fb80edebee1496c9a9df1efb25b80	319667
django_u_django-13449	533bffa02f4801941a20e300534c53bfa7d2dbcb7f6f609fc4b738b561ee044c	331536
django_u_django-13512	00d59a6c15a70068713316ea6fec4f19375891ce2a5bf6d13f7b6bf544acdd75	142343
django_u_django-13513	983dca0d38077b1f6aa79adc884f5c14c0a0885846e37547f01cbe89768e5840	32502
django_u_django-13516	57d2fbc19f9f92af8a64d08e2279a7977aa0c26c0914d071bbdeb3ea1dec3b59	169337
django_u_django-13551	eecaa5f8c955b60990d503c607b35f13cd686b4dbeefb9d9f9e9ae1b888f6b37	47147
django_u_django-13568	e21a56e77806f9ba6ba2e753109be0113068399e3eacba578a9e3fe14adb8177	63495
django_u_django-13569	23af6ceaf335a1ffcc16823b636f43f8c0cd265b904ca321dc0b9fe6a8a80548	13425
django_u_django-13590	ca7259bfd90ec4db752774c6e0c2a1a3892b643ade1e1eebff12a2b69cdaea5c	20160
django_u_django-13658	7b9e0523cc0957463fccddf18ca5af6c5f8b5fd3519138645f596da848566c9f	27077
django_u_django-13670	998df6d6490a6393f29c147a02fdcd4590ed3aa31ba1df3d89870e46cf7ce637	59359
django_u_django-13741	54aa39baa65ec6d105be84db3df2e727a0df0b2343fbcd5d1b1c28889b81337d	28430
django_u_django-13786	327e8be9d7288d76f1d1c1e635919751c792862a7021bff5e34fb88deed6c21a	10903
django_u_django-13794	24294dd31b58d079355d123c23e094effaf6aa5fec8eb182d5cdce00771c767a	10578
django_u_django-13807	60db30f075650b5c6371b660348f5c8c2ce88bd315e81268e2e8b0a4c832b90a	14071
django_u_django-13809	25403f9bfdfcf976b7b646314b383aa4a198dfc399e4119c3726b2a071544426	23726
django_u_django-13810	a5ff69cbe565411c1dcc0e8bde0ebb366b0f3b9a1caf97c4585ecc92158068b1	67863
django_u_django-13820	7dfe2a85059813a04b4335d58bfcd89efbc5dd4e66fa2661dbc27fcd42cd9468	27100
django_u_django-13821	47082b780e4654c534e3c209b76e3f3eb900e0f6eee378f36c19542141224307	230814
django_u_django-13837	566a042c8d2d7c59f5813f8af8016030b10ebfdea9816aec566acbfde7956af3	40335
django_u_django-13925	948250f4ff0c51f46ab4295099b671d76375512c0b8808753146f1c07a829a39	465629
django_u_django-13933	c9f58e5d4df3fc89037dd639ef22fe9614ee284408be61d94b4e9d7d750011dc	23162
django_u_django-13964	a7dead98f8859f385205d5a8766c7985c0bbf25b2491907cc566c5e69b1e434d	164076
django_u_django-14007	5bfa72a80af665fde8b91068809ac9b01846d246443dc3ff3c37c44054ea9242	40668
django_u_django-14011	291b555ecb2a16db80a773210fe6868d62ba2e04e3a239d19eeb6df5b6d9fe2f	45572
django_u_django-14017	50ac969d45c8836545a07a66c6ded182e4cf9b65420cfe3555dec928dac8ea96	36102
django_u_django-14034	5ec3ad79b9800ba5135232e7c7be1a73bd568b30b14a64c08d0fdd459cdf0978	16329
django_u_django-14053	e508918786ca00c04ee7a1dd7ae52eb8cd88b872554de74299d281fe491f3cb2	118799
django_u_django-14089	3d326c4f3620f91a27122736ece9b4e8977a58871dfaf9d79a63300ef1e12337	20304
django_u_django-14122	86bb771a04f3d7edbbe3c726cf5e2b621b36f279f00688e2fdeeebf5ff2f54df	17101
django_u_django-14140	2c283eab6f515363352dedd859bed96ea86e1d6cbdf931715e0156fd3b818510	26498
django_u_django-14155	b8dfbd34f38098ad69d3a97bb37dbf7208a4cf79b86ca8175b3ecea3f8fce49d	19876
django_u_django-14170	6e64c5e08c0cc7f9447667c2f2d6f093ff79f16991cbd4f8bb075798ea4d14c1	61755
django_u_django-14238	77c99dd3b39c667c428a066d12bfb6254a54ea038794526728a8dacc23dc7e36	16189
django_u_django-14311	1f9e959f087bf991dc09349f95f0db34eff7e9afe3b8f22e62f19cdcbb96f2a3	48359
django_u_django-14315	2aeb463965525965a197436c42d922cfa211eb2f1419e0c4149bb3e7c7fa9ce5	27810
django_u_django-14349	6a596e42d90233c91bbff2fbec5ddab07b633c546bd3f729c5c0c89add240bea	546404
django_u_django-14351	2ec31b789ce83d847bdd5e0d673d21f747dfb42058832105e488e36ccc89cc85	48127
django_u_django-14373	6e4ce29ce07981a9c29c9840c2e12bbefc2fe9323c6ba906a49b0863f33fdcdc	41003
django_u_django-14376	4d95b43d15c2752973b61c4fb8a64fb25dd80ece7463d20cf768dbb8ce88d069	70242
django_u_django-14404	950084e87dd11f7e1c9a06c75a408bbda2d3fa79ba5c3e7555fbe6817ba99e08	33246
django_u_django-14434	23de8d9ca779cc7a73aca126f72575fa2763dbcd9f14ba492fcc14429d9b7e95	26950
django_u_django-14493	34c850d5f5b1659290d8d6e1eda51750d06378638fe8565b59cd702193fb0ad5	30810
django_u_django-14500	6fbe7d4d60d9e09a454ef05dd2256a041407e38192943fbb4137cd4fa1c2137b	75878
django_u_django-14534	10163a77bf2e76e142748fe82681d049f211b66ec5fe9337bfeb7c6c9be36aa6	13969
django_u_django-14539	658eb6dc064588a5720ef76a4ff75da4fa90bef19491a3601e523f0573af6055	30584
django_u_django-14559	72ba5bf3e6a9886a61b440d7985a6a2891518be6b9eacd371040d08b37eab101	19384
django_u_django-14580	833ba774749220d166021fe420fc74dd02b2b8622c753d5cc5354fc1c741c442	836863
django_u_django-14608	bc6c24f3878e8d7baa3b4bc777d3e1803afb35b57a3e02132a1ce297d822f2fc	1955165
django_u_django-14631	26121538066bc78f4878dddc7f5ee0f46bc36b0b1a9a74fce9b896000357cdcf	75128
django_u_django-14672	5ea8886f46d9ab8d75130a1f41120c990cc27c189d976b202d6c3bd86857fe86	25570
django_u_django-14725	b62fe31bc333662b66bf8a58824502182bf6d79a97bf69aa52e40b77e8fd8439	87828
django_u_django-14752	407be60902abaddba5d9ff64bbbfe3df145562abdbe112c1749ea5220b6df59a	133963
django_u_django-14765	a1613f04d0539b2a3f7c59b611711323c8af0dde5d2d9aa38ac349702c0e423c	27301
django_u_django-14771	8e81f60e07ea3a5350f9d8f80c54bc3d90f6a68b0aca680fbf1bf2c2b0fa9887	68918
django_u_django-14787	f6e5240c98d3ae5c1538c3362032a0ee3eeaaf7aa8bd23b608f66300d5bfa64c	88654
django_u_django-14792	47ec19ac2fc230126d614ab3a54995e60a52bd72ba0aec268010cb115e296d80	59947
django_u_django-14855	1044da55595ba38af362fdb137476b44142ddb98e77d08e06198ee6fe625f863	27588
django_u_django-14915	5c623b7762f232b7e7f4aacb566b432f14c22e943bb1a7dcb9b83825a4385c19	14587
django_u_django-14999	86b06aabe9acdc4cb0fd642f2543d32b51da5aeea6fd370caa78ea15554add71	366016
django_u_django-15022	53a879b0a5a181d3ce42530e592305857a3913485f9797ee859b88c6c96b0817	69989
django_u_django-15037	b19aa48a21edaa8bb537df9c335c04433a84b6a4cd207999bef29789fe66bd37	402077
django_u_django-15098	3e39d11d058dc4834d31eb6f83f6696a6b278acecc31e4029a1361af62ce6cfe	1148312
django_u_django-15103	35cc27cc416a1bbe14923ea43533b70eae43977d0069606806b0ed45294b925c	24353
django_u_django-15104	707fc6e634783eed90757b1fc97bb242b49ddec927332bd3642d5486e0b72646	335290
django_u_django-15127	7adf464954d93388b480d35ef59f756f2716680901a5879ee8eda67b04ac7a0d	21095
django_u_django-15128	d99e1fc239e99f370888d2db2ec430977b3602d1b0c699f284782d9fa3f51a7a	25220
django_u_django-15161	51bbd8cc8413fb76f163e27288d04b182ff1d591b00859cba66c6d195381190d	789351
django_u_django-15252	0f2416aded2d185ac557044220d793520082beb13b396194e531e25a506e7a67	29727
django_u_django-15268	645c173fe0407a01abe0b4289af5d887ab55b6532cb79f9935fc3c35c39b8614	27701
django_u_django-15277	36f855552a017877d03a4fc776c54e0ab903d4e1af75f624d9a640dd9606f9d5	36825
django_u_django-15278	2ac6a5d5b2d6c6cac1dc0215ad639a9556ceef4cdf397233b74d838ea706cc9f	55957
django_u_django-15280	518b02ad5aabdf0f8f3d9ad8d4ba0075bc0a23f8ccdc1589cb483d4c45f7ec05	221689
django_u_django-15315	2bfd5093c387a9db4c57018b5e65b714377d885b0c3f9f97e0b43e3768cfaa7f	9748
django_u_django-15368	db0939caae1147d7519cdb97bc79635e553ad22476ff2046f3e4481ab92839d8	13311
django_u_django-15375	48ca4c8be92a334bafd7e09875e0aff599b94181a3e13de9cda8810c1aeafd85	28048
django_u_django-15380	05402ee770fe21993ca434ab8cad7d8de0ea9fbd56ab8dc29565dbc8c42b3fb0	28809
django_u_django-15382	2b7cfc839abeb59154c60e1dc16888160c82c0eadafca8fafc8d8c5d0c99a177	36456
django_u_django-15467	4af8e1f23739ed1b892c90329159b9d82c046b34c515877419587452a85a93af	19605
django_u_django-15499	3dc526f56b51804f5e7ffc3d71fc11a4d7d181a08c907d152077132636ceb907	33709
django_u_django-15503	df8185c03c980b0d10fa16a0802027fb9cb6529e05bfc275c496b511fa0d1c9d	614594
django_u_django-15525	7f2217bba06fc9b7ad674e96697b2538516307b031ac5cb2c4a249f4764024e6	383529
django_u_django-15554	760bf43ac02a09a3a84ee861fad2104b6f2e22b9f854cc5f0f13d48a62d5e40d	30857
django_u_django-15561	ffdb8e95f4a7569c053bb0de838294eec732a53436dca21c572014e630b49689	466653
django_u_django-15563	2cb48facc1e1e356771abff1c8281881a0e2e57f247c0dbc064d6b04458e6217	18179
django_u_django-15569	ad2c841e318620133d3179c6039ef605d487fcf401c6642282c4f3c2c3b536dd	8581
django_u_django-15572	7621eb7d19ff9155686440c2bb75a0c80370e0f914834a14495b6b23d3bde4c7	706409
django_u_django-15629	427cee62abe3cc0546efc9fcffac3458ac9eb59eb15bfa0896a9ec681d8176d5	707539
django_u_django-15695	f8d30142d7c3f189821addea79f81ec2f6907511e958d8c98e14c104eec583bd	24229
django_u_django-15731	5845b0425009af711ed8da0cc11af6c7814a8ebe98664ae2dc9a55472f49bfe0	16530
django_u_django-15732	b201528e64ae0b76dd9b075073e987f6e4e7081a2f3962d0d4e87bc3f26c9911	18528
django_u_django-15741	3d6fc3972894a7b4c583846c270d6ef7fcd2436a423d34c2ed7d8a65724eb2ce	33305
django_u_django-15814	f229710504890c5591acc6c1e22ed7cf9cf1836271e9d97cafd5d8f1eec51504	44589
django_u_django-15851	b99e9d32f55c761e44b1ca7a33cf320cfe3a1d4a020385d3ae682690ea756bc2	27372
django_u_django-15863	ebb822bf2c40665ed2a250c117bcc9042e5b15ca988d89824b0ca7600e7f495e	22009
django_u_django-15916	f0c4d736b9666a0b03431bba61a9f85eedf750f808cde734faa36da8f72320b9	41942
django_u_django-15930	7a4c2e39831e59ddce97eef296ffeb2de214f5fbbbec1b18b8b32a1dd1a21d38	1989259
django_u_django-15957	1752ad2815112ff68d848bf178cc7483daa9378921d43e0b2505aaba3745499c	37035
django_u_django-15973	696711be2436b90835bdd236455213f91f0b8af0a84fca012ef768e2961b60be	56087
django_u_django-15987	2ead72e0049175adf8d2ce09b4b1d65961bde9ee68f60f74acf30289a908fece	58718
django_u_django-16032	05ae2041ffea69401974f667d4a8a5dc569d8de6bfcf1ef4d6e5ff8c785b084d	340542
django_u_django-16082	43009b370344ab190166957b5645e0d5b4a8a78e1148e22bec29dc7db29fe38b	754791
django_u_django-16100	b33d1281273334f155983247db240b6834d48e07946a4d7c828a817ac9f5111f	156369
django_u_django-16116	6aeab0858837338e66b02adaa7f1ed01925629e0d030c54e954b9ef5dde90729	34879
django_u_django-16136	3d11cacb4d702f6733fbe1c78582a97760e4b76f205435b8d003c1655263ede9	142141
django_u_django-16139	b4cf0811553914b66d5256e4b9d32fd905d165eb5996a34f15c62fe394fd73ff	28958
django_u_django-16145	bd5f490a8e3f6b169e15441fd2151354a6749df02b36f234214a2303546a3351	23549
django_u_django-16255	4f45e6558e39bf0e68b67264298750ae59ad3e10df09d01f0c03047243141379	18861
django_u_django-16256	e888166d61e971fdcd52178587f6120b02c929624f23b6e781c4eeaea8dbd051	83697
django_u_django-16263	45d7542d6a77826b8b3fb17043b44beb49967e16cc9898697c36d6328d4b7ee0	26709
django_u_django-16315	743e1e5050acc17b02db74c3f9073215e4a13a5f77b0683f471815f7e629b733	383060
django_u_django-16333	473d95016591ab6aa2fcc49428e30a4f96e0960c81b40b335c3e67993ed0af44	33281
django_u_django-16429	6ab81b1d53dc0a3c959d53faf21ec11114749dbaf8b93d850df10648c52a4d58	14076
django_u_django-16454	9752bae363652a404a1b3435bcb69063ed0b962db5d980612d4087f7be8fa1cc	1110420
django_u_django-16485	d4db045abd8e94b91fb1416ab060b1a6f681b4e5771717daaf6f5ac9cea0104c	14936
django_u_django-16493	e42125ecd1e2d0b53ecd7a4b6ebd370f0f0467a88e46dc5ad43b012576677b23	40920
django_u_django-16502	58f279178596cb853ef92139a96a933ad51130fb890c6bd3ef9b19965cbb8473	533849
django_u_django-16527	bb3ed3ce742c211ecc246d898eafa5dee66b2d943eccbc53d23fb654c10e31e6	14158
django_u_django-16560	8d2a41602e21f536940afe8cacd1dca28fd2ea60af6559923c7e3d9a91d68f13	389619
django_u_django-16569	53f7deea76b208acabaa7da14513cafbc36c7d529c06d287b736b209be35dfc7	1471147
django_u_django-16595	77e66c27672bad358cc1d0dacb09e986c2650f25f0500c5840480315cb9b2762	19957
django_u_django-16612	d52342debbf268e5712a68e6866ae376b42147333950ec9b0a90b23dc70433ac	31318
django_u_django-16631	18be77cbbb3b1fde51b8d96e53eee17d1b08fd3e9245a816db51654f61e21745	34141
django_u_django-16642	c761795491e2f038f216d9ccc9556e9b3be5ecb79f4ebc013e10f0d6e794e1ee	338514
django_u_django-16661	798b72df0c7a1198bdc3574e7e81b6973c6dd7f742d8158ec8945b782abe5351	16326
django_u_django-16662	b64908398171ab572fd2affb20e092cf1cd4d0973621e340e4cc9b06cdbf698d	69742
django_u_django-16667	f2a60414eb020ea6031e1f5a03076d7cbd8e9421b1d2d63c26cbd5ba9df720f9	42465
django_u_django-16801	7e33c7a32a0d3c7595792a06d71cf4eb39fbffe2e1535596c5169d8006252011	51625
django_u_django-16819	e75bf509339208abb9ecff298f12668f432c9264a4c03fb023c4540e98f9b406	300627
django_u_django-16877	2e10067fb934d1d5a9126056f1f3ad7053e661bb173757021d091e16b703960e	1943304
django_u_django-16899	c87a4b28e86737c6798897ca9951505265a526b9ac70e627baee21936e2baf78	50745
django_u_django-16901	d42eef402ded15e5ee1e55466db238fa94c57aaa2db6ec2a2dc09fdec6bc3e20	37317
django_u_django-16938	cf8f7a0b8a2cdb4017902162d880f9c4548adb1eae91c9d03f047ffde18cf38f	304575
django_u_django-16950	8545fd6950da841036c3f745e226973006678d05d79bd8cb6ae09dc82b8df23b	65906
django_u_django-17029	83445945c8c1dac045086d6b96b0a8282a64cd6f6af1bbd0dcc0a957b6633430	38326
django_u_django-17084	fff7ff193ef5715737be376109d8e383ffd66bf2cb179609815d158f43b53ab0	17602
django_u_django-17087	d0813303ecb6a696e8e4946631fdcb407a9b3fd3126b0fce316a0360762e516f	350535
django_u_django-7530	66e530ac3cec8fa0d1a72080285b2db085a2b1976fb741b20c4728a70951d9a5	42276
django_u_django-9296	8c122215cbfb8923e527df127f59a47d0b60ccb8cecb80c67eaffea8127ba882	20948
matplotlib_u_matplotlib-13989	9eb903d03349a53663e208d1abcb2b8ee45069783f02ec42f374191b386a4af6	315156
matplotlib_u_matplotlib-14623	a61d7700b94d9b896ad59ad0b76838645df45c25c00cbb0f9c299cb304740d0d	39669
matplotlib_u_matplotlib-20488	4784e7a9574b0b20721962909afd4d0e5faf2576ded32ab59a1d989a025b8b7f	325396
matplotlib_u_matplotlib-20676	0c761d72f936f7d6936b6a4c42844c3b0b9a56a2055adb1978af0860cee47f6d	27934
matplotlib_u_matplotlib-20826	bfc4f205a5a28953150367627c7c7166014ea89387d8a6ca16a116dc119606bb	145125
matplotlib_u_matplotlib-20859	4664ee8ec034783a8d27c12ae78a8c9c73c306ae57195be7398f3bcee0ac253d	9518
matplotlib_u_matplotlib-21568	9efaf9ae2c55de682b338234133a92adaaacff4a6cc2b77889ea810b6fdb2755	53535
matplotlib_u_matplotlib-22719	e8157b53bd9ef3db0ed5bbe176d81995a3c3283dfe0471ef4c16dd5464cd5512	30246
matplotlib_u_matplotlib-22865	c028a5f4e43fdd3b617fab316d2713b49e0ea9e9ac80e0664eb8d06214bd0a28	17621
matplotlib_u_matplotlib-22871	706c2f2ba686d7914d294acd53c4be02bf0a4e2f19072a9c1b3e46c50c3c7ed8	46504
matplotlib_u_matplotlib-23314	b26c840a2f17d3d6957bfa3d9ef7f3e0b41180b205a710599ef98b0c7ee1acc9	34036
matplotlib_u_matplotlib-23412	226355afe4bf58b31f12d23eb7540ce838b94458d57c61bdcc6afee571541f7e	29945
matplotlib_u_matplotlib-23476	d83188a779d6d418cea435f2c149d5b00b81b886135054f689a29fe032e46e93	583962
matplotlib_u_matplotlib-24026	f2c6b7b3455bdabc3b94f7cf9b05e7cf22f3d882f3309362d83e1cc5a9b07e68	22289
matplotlib_u_matplotlib-24149	eec6fa0b35c439c91ad763ce51f02772bb91131918d8ea91f9f480209d865b4f	28029
matplotlib_u_matplotlib-24177	3c4c67c49d90e96d851cd3aef37414c54ec742a419517f5a87b92d57ded3305e	41656
matplotlib_u_matplotlib-24570	d080fbb7aef4d8fc39ac08c30b275b05bef3fb54a69f0d5de58e95cc68d10d7f	17109
matplotlib_u_matplotlib-24627	39beb9c861857a3ad87af3717eb60e999489198c026a9dcdd592fa47cdf47793	361111
matplotlib_u_matplotlib-24637	cb0ddac4c47d3069e685a4e1ca90470aaf822371aa5c0d5a99740e82fe9bffb9	187934
matplotlib_u_matplotlib-24870	20aa9836776bd3fb8c64f84cae4626930681ce375063578b76e0afb095050356	283793
matplotlib_u_matplotlib-24970	6e955b824fe3d9dac342504af207b09f9c80956f0169278c81af494fef1f4dba	24463
matplotlib_u_matplotlib-25122	4a21868efe2d09c155fb33c0065fd85d3cf8901a891fe337411da796697c5954	9266
matplotlib_u_matplotlib-25287	215e13fee3cf4c6f16205b82f7a890ffb2ade17882aaead58ea88bd3e8eea639	11746
matplotlib_u_matplotlib-25311	c04c066b780d4639c083274f953611cb691a580a112ee4cd0637f4229bf9c7f5	31444
matplotlib_u_matplotlib-25332	a81d5fe086b0a8b931b6521795d9604c3771e8b3aa9c5cad7abafb2dce521f70	44709
matplotlib_u_matplotlib-25479	6aeb7e60943fc435fd408ff12a2f73c6839662bb5aaf174e87e6085e2d9b0b89	16178
matplotlib_u_matplotlib-25775	18945a2d497ef265e331a2bee888893d30bf05c599f28f646139c79bcf1eaa27	77595
matplotlib_u_matplotlib-25960	f63e4d600480e31ce9a97790b9c3ee033f28b6b4904be6a4e774f22af8b76aab	33726
matplotlib_u_matplotlib-26113	404975914a5e5ee78826cc86900243955ce87d94004c19a45efdde1ea6da2270	13816
matplotlib_u_matplotlib-26208	67ea2ce922344cf13b8e1349b6acdfc5aeae6a1924c2e47ad362e3655e96cdce	749887
matplotlib_u_matplotlib-26291	b52d4a30d759ff2ce59960e120d8c51025a606aeec6ac816d4a2b29a9fe48555	37082
matplotlib_u_matplotlib-26342	aa7a4996d333a931ad79eb7c58ca1dadf0c4a7f1cbe8be86527c2d22b88e30ed	316960
matplotlib_u_matplotlib-26466	64724cffb191092989f70dbf0ebed723c2493e9deef65d5c33efae7663e7df23	59517
mwaskom_u_seaborn-3069	17a97f2ef3a6ad2fa2e5a2ecf86dfae143b8bfbfc531188da3c5c871765c49f4	13225
mwaskom_u_seaborn-3187	14401d688ba797b2e3ee8b8482ec9e47934b6c3cb01321dcfdfdccd6f0d488e3	16077
pallets_u_flask-5014	59765ce40a5b60f032792aec8b7d2cabb6d42afd2d841aa676ed1f24d3e02fc2	39351
psf_u_requests-1142	430e6e35bf6a4236973abc453e7ca9ea9302de1181d14f82c1d59bc035de53ec	51134
psf_u_requests-1724	f1d6cd1dcb3a6cc42ec05b41204bdca76244f1ba1c513d4443fe7c31ed61eb19	17816
psf_u_requests-1766	5c75bb7dade6fb0a5b26e209b772752a66b405134c98aa8453c21868c275109a	1366754
psf_u_requests-1921	3f5ef61fc77a05d71c30a4d9518d781672d0c98d29789dff8e6f1b8b033310f7	38142
psf_u_requests-2317	4872ce7797449ff02ba4d45f0242f208f1fa113de464600b4a02c74ccba5dec1	71862
psf_u_requests-2931	cfe9defec057d479e11b1bfaa893dc31667de83d270f2774b89a3c7bad7980de	38313
psf_u_requests-5414	618ab0fa5d58195cf1bf01d8445313978c09bfe4f1bc6e2d5dfd8a1b408e35e4	10655
psf_u_requests-6028	e2a4bc7035316668676676ef2d7f77d7e462c65f96d970db695071fdca38c5a8	755414
pydata_u_xarray-2905	61b32a7cba5c88d3c6acd6ede1a36ba340243d9e6ba6ce8501dacb4b89191622	16437
pydata_u_xarray-3095	99549df3f933867fc3b6368f9aed08983fe013cb47014a1d2a0855e5813aba80	36277
pydata_u_xarray-3151	a6a2c93c970f9df735d35975f638c796dfeeedb216ae1f0ff07aadf4c5f6894c	355459
pydata_u_xarray-3305	96782080de74e0060a478d581456461db4224f693551093e8a49a5b95389190e	325085
pydata_u_xarray-3677	09842e757d8b748754bf5a73bff0d8d5415a8ca15f2241c967980db97fde46d9	24783
pydata_u_xarray-3993	ff97bf00f5ed6c1559cc950f9ae9dc463c2dc6928189f17ff06cd46c43cb98a5	37499
pydata_u_xarray-4075	83b4dedf6f80ae9b72c2c475ee52eb7acac605373311233fb4f8bd672279b127	42814
pydata_u_xarray-4094	52971a13aca39dd8902e9cc1e2fd2630e61d99571c275a200d278835ae3fd0d7	287829
pydata_u_xarray-4356	df8f30b0b74a48dc857896f4e46d36cf5df587c517c2849ece0389e0afaccb98	13815
pydata_u_xarray-4629	991e960bb557a6802514ced0827c9a26b0b41be7d9c542ea16fc11cec5635c4d	9667
pydata_u_xarray-4687	512fa1afe3e80ea8a9b44bd75d8e0087c0896df280bf46bfc822a5215c7d8e60	43205
pydata_u_xarray-4695	1ab3a49189403657827c44048648a2cc737d9f6d9340406a666f64d655086217	20620
pydata_u_xarray-4966	f002a747c70433987bc9b04cedde0c8a1bb8d74387929f21337b33c11f9ea280	25963
pydata_u_xarray-6461	58abe567f81d86fa27ddf3225a607ed52c45f3416d10670b4f921b7d94f07d3a	32761
pydata_u_xarray-6599	5baab77d7530c5df180e9cb39cf6d10867883d56d7a49be968efd23388b432b2	19718
pydata_u_xarray-6721	9addc440e6e773b4061b570ef83b8746a5557dd83e0da45c06b3ad61bcdf8851	28015
pydata_u_xarray-6744	78a9b9a6caaf32520dae408614ed208b631e02e5c31bda73e3f8b62607dd21d6	467316
pydata_u_xarray-6938	433fa5475b7c2a197b05b8c30228627f0b90d91b0f97f7544ff9feb1392a4972	38304
pydata_u_xarray-6992	b4aa96de4596e651c9c408cb9db87b07bd1ad2eacb928f50d99106468ca5b342	97079
pydata_u_xarray-7229	aab967563f7f4c075dbc4e0960edc4b4475f04d303f1e0618db3b9ccceeda55b	384715
pydata_u_xarray-7233	7bcf665910ef99bcf9e4350d49755fbcb6faa50af91a56fc7a468562be2264bf	407650
pydata_u_xarray-7393	a219311be3b2430dcb976857cdd0cc22d898781010a99a182f04388f8639c379	91608
pylint-dev_u_pylint-4551	0b1610d54354943db1817096276625d27ff23653ee606de16e52843776a666b4	473473
pylint-dev_u_pylint-4604	06d8471641f1ce60e037a629c92b21cd55c6431ffaba1dca4523d0aa70c8a4cd	11810
pylint-dev_u_pylint-4661	5ea044e49a945e0640958fb2ddec67068055e6b750eb26935206c7af11f299fb	312840
pylint-dev_u_pylint-4970	27058c73e63ca8155074f2010e6d69a36281b1db3cb97ef85fe5d4715e170247	51615
pylint-dev_u_pylint-6386	d60e6cf7f6de1a92ded2a23c7923548423d0b5beee89233628291cc79a8a984f	1134589
pylint-dev_u_pylint-6528	19095ea4dfdf5784157f820be38f865c96c22ab6138a1225ac8041be2de21b28	62870
pylint-dev_u_pylint-6903	8f0aef77b3fc3c6cca2b575ccdf84e775446c9fb9ae8383b7268c7900fd00c39	16256
pylint-dev_u_pylint-7080	b1ba3ae5e81f9b08c7ae29e995e9883f64d264f0cc0903be61ca558736dd1ff6	390505
pylint-dev_u_pylint-7277	05b08c65e6cd6989f026074fa69076e704fb6c2a5251e6afea2a42092e750df7	25709
pylint-dev_u_pylint-8898	57362601f8ea97a62af46aaa8ef73ff41159a66ca9c7a817b5027d6e19cdbf01	625500
pytest-dev_u_pytest-10051	eda6940e70b34892e8941ee9271954a48a9c79b6468680f2a90ca335e97aafb8	22900
pytest-dev_u_pytest-10081	104a67e5c3ac6609195f4ae57add81b5ab3b0994300c37015eb7724c16359b41	47033
pytest-dev_u_pytest-10356	57d9b33a7a9be1d50003aae6ddb37b8a174adfce923b7e39808246d2919a7abc	72859
pytest-dev_u_pytest-5262	948570a115615c2f815785b50a0b5e757619cb0f58d7f50c2b63867b65bca2b2	18298
pytest-dev_u_pytest-5631	2ff94edcf6f73fef9c28bf5a950e5540e533ea657b2f4474e3762600ab16f2e9	21094
pytest-dev_u_pytest-5787	eabf9fe934970fefd80c7c41b8422f9c7ee417883abfd00d51b766445c611d24	1904
pytest-dev_u_pytest-5809	439d8e291c05c454473901c5952656a53cb1c3fb972d3b59de6b7f98196d8449	1904
pytest-dev_u_pytest-5840	fb062dafe1f307a435c24acf2b3ebd3fed1a1aaf90cd3f54a12cefa80f63fb63	43526
pytest-dev_u_pytest-6197	979d40eb9488239184e6ad52b8810dcf4c21d02e04961670407e76863b5793e6	27116
pytest-dev_u_pytest-6202	0fae12623a1b020861b2793cdd60ffebb57b96a5dca8ada67579b4595dfb5a1e	1782568
pytest-dev_u_pytest-7205	a2557069181caa39a3aac578c0c6c30e797dc7a107eb061f5df85c0de2a371bc	53118
pytest-dev_u_pytest-7236	e7557cf6a9ceb779209a316bc3cec2d2477b24d487e1caacdc830aea084bf75d	84785
pytest-dev_u_pytest-7324	6a0dabe9c1fb534331723f93a4c50977861554b7b08734576d4ad6d3e25a9847	17692
pytest-dev_u_pytest-7432	6d388ff631d94467f1b55c14afa6e38c3c97026005964599e840b6e980134f94	25542
pytest-dev_u_pytest-7490	5d0a56670b11e0e0f8614912c0f988085feca1dd5e27882742b12cc849cf95e4	373828
pytest-dev_u_pytest-7521	5d25fa5bdfb2e798e09b1733fd079966fe1f4a62cbd489334e7f5eb95f7ae0fb	13081
pytest-dev_u_pytest-7571	b0e59add63ca96a76bea861d78b35eb06e6475f8f46a4a79ae4f25db8a51dac9	15132
pytest-dev_u_pytest-7982	2125f51c8caf0616713fa1aeddc92d36d5f4a9cbf768ce4a10b1084528d5f72d	10476
pytest-dev_u_pytest-8399	c1d23028d8eae7a0bcb57ccd4b8ce2a1a1671f6b80e648c61ee457ac3a03ae07	414233
scikit-learn_u_scikit-learn-10297	c9bf0079ef2b1211b6aef2264b468517f19150a8345a1948060e34d830f6243a	15337
scikit-learn_u_scikit-learn-10844	168c7f8173f83f6dda0b2b35f7daf0f3f122e8c7699245cd1ad87558b7d4b0c4	10059
scikit-learn_u_scikit-learn-10908	60c394f82a5a52d6edf6bb934099a6ee7238aa1fe88373834079b5a0b9438224	18828
scikit-learn_u_scikit-learn-11310	4e6853a8f5e3aa36e22a9dfcbac358d7aa0b0e054e8665255172b7912bb10093	42610
scikit-learn_u_scikit-learn-11578	fba64f284769b4fa539eae058ecdf416522ad44ee94707f3a8b22fece4949f5d	25261
scikit-learn_u_scikit-learn-12585	75b2677a73a906573cd8d05d43eb5f6569b1085eb402d14082b611208d6d3686	30045
scikit-learn_u_scikit-learn-12682	e0928c7773de7f0b97e8027262a9715edf489b5e023b88cd649fc45e17474e69	51558
scikit-learn_u_scikit-learn-12973	2ff730073f276f9a26517437f689c6516226600e340c7fc946451e9c56469703	16965
scikit-learn_u_scikit-learn-13124	28aecc00966666abc80cb219ae9524513528eacf65a41c37c90c1b32e3330fd8	46291
scikit-learn_u_scikit-learn-13135	04a765497005e8cc82f051e602022bfd50e1ad34eb2cd48020c54b14700ad9ba	21536
scikit-learn_u_scikit-learn-13142	f140efa9e3380861b071138be449c86aa6be0d3b29e2462cb1a0eac726138f93	36089
scikit-learn_u_scikit-learn-13328	40551ac20c44e8f6a5cfcf9ee5df195f1afc57cc416526e7cdd3b101a0bf7c98	21615
scikit-learn_u_scikit-learn-13439	337ded2649083c4e516dc68836e03391f9f5566be984fc5ecbcc90553b7569c6	9270
scikit-learn_u_scikit-learn-13496	b39a2cbaf5884c3c05368ce9236a95069cccbb42b53819699c2d887faa591cc5	52027
scikit-learn_u_scikit-learn-13779	478461cc8051740ab3fe166d1cf5b231492957b68fb76a8cb6f0d9b69b2a50a9	28501
scikit-learn_u_scikit-learn-14053	2836d7bec4ada6731aaffbf1b6899cc14466c0250da849907e99781d31427ead	353500
scikit-learn_u_scikit-learn-14087	e4740494ef73410106c95995cddd02ff11369e864e4a2e59a964afaa4b87feda	25047
scikit-learn_u_scikit-learn-14141	e66ef4c6a1d9a0a8abbae9ade744e217c95804fa657683862b4261237e2d2ab1	75459
scikit-learn_u_scikit-learn-14496	036c877558efa403a9b9bd7f34893c96e0b46d3e0497d27b50148086ba985f73	19217
scikit-learn_u_scikit-learn-14629	8cc3403b5b9b71d972fc2b4671d78ad68a0f739195e3038e5113d2efcaae7f1a	29579
scikit-learn_u_scikit-learn-14710	4c414e52c1c404e494579812c890bd190b494244e52585231fd735044fb51fe2	24146
scikit-learn_u_scikit-learn-14894	f92f4c0358723a1a82623d35b3b8050e0af0ae6fd5d16c7fec40498e130c0985	23786
scikit-learn_u_scikit-learn-14983	befe51b46194a15418be2656bbe0dcde216efea52b05b76bf708293e32ad8c21	22267
scikit-learn_u_scikit-learn-15100	5edc9d3a5881e3eff4789899e37ea91a2c07749a159b276589c3b9741a9f4aa6	76416
scikit-learn_u_scikit-learn-25102	16ae9bd190698c5982fa402947d9f73312e5855fe2110f3c003cf42aace3d716	67162
scikit-learn_u_scikit-learn-25232	b712d34d7d9fe66fd4d1a185ed70cbd01862841760e50bdc7f04495b327c6135	27303
scikit-learn_u_scikit-learn-25747	c0ee485208701143abaa46cd80a0b57835150343202fb29440f55631db745dd2	26617
scikit-learn_u_scikit-learn-25931	aea920c1c242bd8c9a39f529423be76c9426dd2165c85f70e182ac0a9ae97237	697767
scikit-learn_u_scikit-learn-25973	cc27127fcb9081ccfdaff3504bff691cb409223b26d0f3b8c053a698e737d32d	29284
scikit-learn_u_scikit-learn-26194	144c6379f2ed7953d1dc350055fa3cb5a50edf5598045c33f3251e47fd3327de	20625
scikit-learn_u_scikit-learn-26323	1eb19e7205e29e794a19de56b320d21a82da7866af487a92c923d59435bd44b0	25759
scikit-learn_u_scikit-learn-9288	7ee55c55718cbd6bc68daa6c3323826c5df47e7945820f7ae78be19210b78a47	923403
sphinx-doc_u_sphinx-10323	a98e18924dc45d9ebdfee5fb3433412e39355fc431667ac38fb13753b2a3be4e	376050
sphinx-doc_u_sphinx-10435	e6caaa4805f64f47d113f696b2dcdcbfbd25c1bcda3e2a4b528862451829559c	1287396
sphinx-doc_u_sphinx-10449	229b1b9e729c9ff9b473c42baee0dd109fcf9f4949992ab9b97589695fbb3f9d	35693
sphinx-doc_u_sphinx-10466	874e93f98f52fb6c141bb88c202020214ae56a5dff0b0cc0441030075eb917cb	27593
sphinx-doc_u_sphinx-10614	9c284748835573c767a317bb8661a8d8bc87110727582798e5037f15950d22cb	118413
sphinx-doc_u_sphinx-10673	4066ccfe40104cd2c2c108919e13f531d6703012cb54903dc89bb75de19e5636	1226756
sphinx-doc_u_sphinx-11445	f2d8634b0159c8fc2cad4e61d279b91232cba1450780dcb12c5ba50ac3116634	109051
sphinx-doc_u_sphinx-11510	c3baac4c2079d9d82acfe3aaf8ee90ce66bf612fa5f24eb78c4a935fc4532f6b	27928
sphinx-doc_u_sphinx-7440	ed1f4a5658965d60c79c88cad33aa3e65d5230cda01aa1cc9ec273fd5f04adca	34850
sphinx-doc_u_sphinx-7454	fa4f2aa077ebb0ea416f23390e37eebec03435364fada6dbd6e6d40d669386e7	715081
sphinx-doc_u_sphinx-7462	bac65c57eac2921a6b1b9517f4c6a436f7b91825417af1b0de6db1d121492848	9846
sphinx-doc_u_sphinx-7590	1812273aee8dc2e246b80574fd812360c84c87c4587561597fed59731796f46e	118704
sphinx-doc_u_sphinx-7748	368feda1ba5c242d9f9a5bb85f48bb0339b5d3c8a511fd37bdac04d1ee2176d7	147734
sphinx-doc_u_sphinx-7757	e662c92fd5836ad075e4b163ab998bffe2d75b3bc6711a3ec698bf36bd301be1	66112
sphinx-doc_u_sphinx-7889	e0a39911ddf37894bbed623057871b06d30bca1b35075fc5497da7f5da3320fb	30721
sphinx-doc_u_sphinx-7910	1b2fec5d803e6d4240acbbf04badac78d1c4b6770d0b67d87fbfbc8ec42e76d4	273533
sphinx-doc_u_sphinx-7985	022b6fb0cf6ffaa39f5ef608cea76360a1e86508a6c3099420bcd6a0158c2d13	80205
sphinx-doc_u_sphinx-8035	5db32ccbe089240465a36173d729ba3758e5decea01ff20aaaa75ac3683a7663	353221
sphinx-doc_u_sphinx-8056	743697e1733b84887720a7d43616146147393b86ac9db7db88d404b5a6564935	58650
sphinx-doc_u_sphinx-8120	6bd9ecec2e3e0fd8fcd7f393dfa56cab9b6d305e3aae33477ac2a46fd813825e	1102589
sphinx-doc_u_sphinx-8265	63ddc1e81c6d4ca7aa5144aa421f5cd2373ebe829c70feb0825a415d3343bcf5	35576
sphinx-doc_u_sphinx-8269	920baac48c118e6f51800a16c2e48e7efe7e5448a633852f5efd86ddb500a318	44091
sphinx-doc_u_sphinx-8459	1df3ff0026d021131e6058c3f5d478281390b8e45ccc06e1d1e175846ab7bcac	345953
sphinx-doc_u_sphinx-8475	b3d28d8597dd3a03512c4611a764262d581aa69f90663ecbcb1bc55e64140f14	43873
sphinx-doc_u_sphinx-8548	38f2f8cb760fb4dd814498111b849044ce8f63969b733f18986529b5038b24b4	34760
sphinx-doc_u_sphinx-8551	d3d6eeffa1de867b94d3a6f47e32e579b9c1c3da5168f9b440441c680492087e	34328
sphinx-doc_u_sphinx-8593	d0a319843dcc51cd48bb94f559bc55196246bce8fb3200a7bd2c6d9d87cf25b7	324977
sphinx-doc_u_sphinx-8595	3b0828481c0e90f717c6e55b397fb1d9ae4ccda0818f06b2f78b05b717038848	26427
sphinx-doc_u_sphinx-8621	29d406dda1b953262f63434f13bf27363eaea9566f4aa0bf343d854593927490	454318
sphinx-doc_u_sphinx-8638	b5663f10e4d999574f615f34fefa257127c7bc867b5f5e939155e8588f841e4f	39919
sphinx-doc_u_sphinx-8721	5bfde43b21a3ca179500ed0eb546da0cbbd62c377c8c69ebf9c002eff7f3d056	32453
sphinx-doc_u_sphinx-9229	d414f80e318b69aaed31001b146257445285883d682db5316449f1d6e812a58b	27791
sphinx-doc_u_sphinx-9230	856e1859bdb19c023fef614e009dda51493df976096275d34d38fb6586bac161	50640
sphinx-doc_u_sphinx-9258	43538f4ed0c59c4e604c53174feb729088a6a5bb0afb6a76db73083c47b08f52	87227
sphinx-doc_u_sphinx-9281	0e08b5ba30b0de4e38e9e3078a06a679e20c836100f87f372d27ec1557fa64b7	175544
sphinx-doc_u_sphinx-9320	3e1a723189561fbe37c531c36307e4c657b419f8cacbe9bedde7d2c1af72cd1a	45441
sphinx-doc_u_sphinx-9367	32fdbc397b5639a456428db2bf4f0393fa55c466c318e077556e9ceac62a27e5	17449
sphinx-doc_u_sphinx-9461	d09a8c373bab6df5c6b3f42da5faef557558d30cf8e52bf75b73920789469cac	584985
sphinx-doc_u_sphinx-9591	f7ff630a0812c166e4c82f5a878e05737b7752679c88efd42c5aa3e28af6a394	343400
sphinx-doc_u_sphinx-9602	6a162c08d2629494818150809329ba10863de86cd680d5658b7c02fc408852d9	666556
sphinx-doc_u_sphinx-9658	80572585fd21d981f9867c56a0ef29726305d26b51a480485a6b19de2c2db765	80936
sphinx-doc_u_sphinx-9673	0a103d45d18446df162b52543e38b1e331c8687c6385599ee93182ef141e5df6	374218
sphinx-doc_u_sphinx-9698	5ba1d8a685fa90fab6e775591bb4b19dd3e5ac12ee0bb8fcd1129be0809f1b59	24846
sphinx-doc_u_sphinx-9711	af91f1f0720d8d87faca44e7a95f0f12b8f5b9399edfa091383172966be8ebdd	25804
sympy_u_sympy-11618	261337184f7dd4b65f823cf0bb2ee03c13a650d5909eb98f09996e1fc26f9200	13121
sympy_u_sympy-12096	f91fd2272954e4ade4a60792a129013a7923a6b3835dd97875758b79f4b47319	314277
sympy_u_sympy-12419	089b90c9dc25b2365c62952e073e5f213e2bd03b33e7ee6fcc58f74acfc3a90b	323618
sympy_u_sympy-12481	9574dc3345b6f12fdddc1a12cc528eaaf09db229056cdd1f0e56db2dfdddeba2	47637
sympy_u_sympy-12489	a945674e37d01b6408875d6ba536837e281b0648d387c20045b25511b2d8cf1f	24044
sympy_u_sympy-13031	73973b62d5193537837b4fe5670542d2e44a8339e4888dbe23c79ee84fd943bc	28875
sympy_u_sympy-13091	5fbb9174c12a208e8424bf5ef457bdda6047b3f8f02255ebd7a618bf8243c817	12911
sympy_u_sympy-13372	e307aad931609d16a3fb36142485ee4dd2eb6da50314bdf3bbfbee35288544fe	13399
sympy_u_sympy-13480	a5efeec2e939574da78f30a71b7838e15c1a277c362f978c96693001fe947a24	17828
sympy_u_sympy-13551	c407b86ce84b5fd2bd585e7e0bfd764a8f9f86c061540b4a19a43c1666e642fa	41986
sympy_u_sympy-13615	abebe9b1093f44cb8f3aafe547ee1035ce1f42eb460ffdf4028f0eab5c5ba293	591466
sympy_u_sympy-13647	97c307f4e99d8e11885d1f7499eb74b23341b07eb47365439984ec3c430cfae8	19969
sympy_u_sympy-13757	ee8199ded0c4bcc6e9cf3548c25651db5b9f9196988218c0121f2b6be6a0e508	307897
sympy_u_sympy-13798	992b6ca3ef48913cb2fd88abbbca63f686a2851645b7f5e758750ac74617b01a	24622
sympy_u_sympy-13852	c03933ebe27aaf317460730353d228072fcbf8af5e37b1493f69ccf0cdc1018e	308383
sympy_u_sympy-13877	be81335eb4ccb56208ece66de5d5a158bda77a151cc2e7a04b9c3c46bbfac724	110529
sympy_u_sympy-13878	0db89a9d69f646546c3df29c8db9520b9cf5b16bda2cc3ba1232fbc868315ef3	59842
sympy_u_sympy-13974	ecc3df1274b5eb46f7485f24eb442f4acb7ede41a2052728bd0683e86d7efbae	32294
sympy_u_sympy-14248	05b5a5708074b97fff38819f8d4b5555769eba0bbf427ba6499899586fd452a0	322642
sympy_u_sympy-14531	8bfbf1b249b05a602e651ae1727862bb5f15bf8b132e76c7b8b0c34ee3a72a73	64356
sympy_u_sympy-14711	34c7dfe3dcc6da8c303d240b58c1fb6b05adbd636baf45c46ddf78bebb61b27c	543253
sympy_u_sympy-14976	366c0e3177a09d7cdbbeeac4b80b2ebbc7e2a55bf91d47cf61fbeecc78eb3f1a	290105
sympy_u_sympy-15017	42394a1bb21f611301cbc458ed2ebc508caae76004c56d9d7d24461218e9eacd	37107
sympy_u_sympy-15345	53b0c25c198338a54d3d4d2ad7cac0c8c35a19a79cbeed945938a47a8e2236c8	57861
sympy_u_sympy-15349	55b0e0935080647dabebd5b0ee8bb0288a3fffb6df98949497a720b2ed3f221a	26544
sympy_u_sympy-15599	d96ce8e63635a3635fb53af3c5d0e59cc1540b33de71dea9a4e6018ba7e87138	15929
sympy_u_sympy-15809	11202c7fc9239c075e6eb683cdd1f6c7afdef96a24c06b03277a35ef8dcda856	54824
sympy_u_sympy-15875	56e003582e19dbd9500619eb22705d04d021206dd01d155479007950e1f22754	17645
sympy_u_sympy-15976	771099aa038b720ec8528309d0cff78b6ea79043aad78c28e095ac7ee42542e7	16486
sympy_u_sympy-16450	e193b419b7cacebab509a7f5e2f3e1f54b7d2134704437668ebe5962face694e	383250
sympy_u_sympy-16597	a8f8349667a8965c8a3106cea64b82b552be052242596b99a5edf5ff72b58db2	363825
sympy_u_sympy-16766	b31798a9fa34bfdf9657159259960d0dd11941c2359ef42dec2ab0e704e70e40	44880
sympy_u_sympy-16792	9305930dd3e5b127952f1b90a0282018a91868d7d37140ad107c2daf2d6a8ed3	15348
sympy_u_sympy-16886	4684a2ff34b1939025e3aba0048f16a1d260d35067fbdffc7a912ce0406a04e8	9154
sympy_u_sympy-17139	cb6ab8233c570a507383eb44fc4f21310e9c62ff250245e45f029434931639ae	11684
sympy_u_sympy-17318	61eb1bf90a6ae26370e311ecbf6bd5a2672d04e0542db7913ba63f9fc57361fd	12045
sympy_u_sympy-17630	27e090656d0913e7f2d7a39c543e4a87b2a19650b5809693e9a6181cd919f2ef	404062
sympy_u_sympy-17655	d9db9d3ea2b3183d344e0e91fb984bb4c571b0dbad6641a1f9720e5d5929806f	13107
sympy_u_sympy-18189	68eb7e91b749fa864ebac98e96ac02651d73514ade4751744032ca7a0f7b17d7	37156
sympy_u_sympy-18199	89e652231875ce4de3856b25a82766cb5958eba6869210873852e384032e03fb	40380
sympy_u_sympy-18211	3a7d594b363706d635939c0431bb54ee5d6ed7af84bab9ab354642f9673bb040	119722
sympy_u_sympy-18698	8237776a9ce6b74b734939f96ee83e25aae1301ed4be69eff4ca1d0df4eea954	27999
sympy_u_sympy-18763	9caf67f5f986c3da785d1c75aeb33b6e44ac74c16c34d03b6455a55e012a830b	440069
sympy_u_sympy-19040	761d5dabf3aa2fd4c0ebc2476eb3fd367c1c6ff6101e54bac150a00e07e0340e	394874
sympy_u_sympy-19346	8140bc5e6696194d104377907368e52d355931126cbf0964b18326ab4fe4e0aa	26024
sympy_u_sympy-19495	c646517832c7441a6ec6d2642d7ecdab628bf566c860d133aec9f75cd9a28b37	357050
sympy_u_sympy-19637	f1411a305e87d90cc0eb76f20af286fb0243608ea07d65a27e6486517ba00a58	39037
sympy_u_sympy-19783	c10b2b7f4637f7e534204405535364eee59d87b8bc089611cf85be28ac58ded4	320626
sympy_u_sympy-19954	3a9f2920f523ffbf4afe0abdf44a92b81a461ae700e7df66dea69b02be5867cf	28871
sympy_u_sympy-20154	a1f0b40f39bcb937df078f99fd797b80503d8c8b53e958ef133ab6db4b974741	813874
sympy_u_sympy-20428	6844680c5b886658c221f16e86c4720a543737e6373dca2eb17eb6443c9ad060	198735
sympy_u_sympy-20438	03f1ec27ac88ead74daf07f2cc233cb9a2f82e483130b2ba566a0cdedc8118a1	34547
sympy_u_sympy-20590	f8e4612c55459f86461101e7b9c6009c24c19d920a6c0a3c9cfe1caf457235c3	13544
sympy_u_sympy-20801	41786fc9fa2aa327191013b1c8814182c7ee613bcd071d185a0bdbfbf892bc26	351245
sympy_u_sympy-20916	d3b3e9774786fcf2869b36acc21cf04238f45899fbfab824def89c5d296e554f	350238
sympy_u_sympy-21379	bc6582a83539e3e2301162e359ed4cce2b5e92153337a9716c380c9e9db45e53	377244
sympy_u_sympy-21596	fce531b3e94f9ea1298f30d96f931ae67c1bb03272917ac73410e478db7e1b1b	482778
sympy_u_sympy-21612	129cb707b613182dcad35f5cce8942e2b6975d3f17cef603c5821611fc3fc52a	66158
sympy_u_sympy-21847	06b55397ff6066786e417e13d7234e824d241a068fe9db14f886039bf8f2fca4	27058
sympy_u_sympy-21930	52e0296d2a55a170d4efe2daf9f498eb6310805e53e39131097f159df737aaae	1117062
sympy_u_sympy-22080	9cacc2209fed23e14482358a579b784c35edc20dc89bf9d9a89e94aebd3f8eb2	356090
sympy_u_sympy-22456	bf2b0f2fd7ff8c70ddd27b2ce377c1da3404e355222e837058783a583cd8fa2a	13309
sympy_u_sympy-22714	f7de02772ac3d45a6c328887f22f102d3118dbc37777e761a9965258e2cb4748	16832
sympy_u_sympy-22914	850c4b84bed8f1f3dcad69a96b3454156b88c875e1c00cb1355bd8636f0de325	31095
sympy_u_sympy-23262	0d24adf0cf5fa6cb1c7ed0e886cc557fbb36ef29a8f2e67645c53acf756e6bcc	1469469
sympy_u_sympy-23413	cae7f3609c1554bf84febc9a44125656b622dc166254a0e3ee342e82b1e4aaa9	44876
sympy_u_sympy-23534	dbc80dae431dcafe82a7d34dc411bd9e7851ca62dc0aa90c4fa84929c9d158e8	237361
sympy_u_sympy-23824	0f00e3ab43b640497dcf85f349f807c06af4cceccc0865751b4ad61b7a76418c	36022
sympy_u_sympy-23950	d0c7fa996a0bec9c351ee74c9bae8948d2febcee67bbae80263e8e08a145c478	1062782
sympy_u_sympy-24066	bd3d70fa6cff2e019aa25d597131e13c064a10f0b1d2cce4ad30f4533e9984b6	48083
sympy_u_sympy-24213	9aab0c2991220cd9c088f8361477de6ccda200c5e79925f017224b052b0a5e6d	14897
sympy_u_sympy-24443	3a257f068fd05d6f62582a00afe9a0d2f82bfacce0c25c7243f5e0f7704cc31b	34402
sympy_u_sympy-24539	5774d01e79f9ba869459b2ada4b5920daae4513bf1bea686c4df409c1f603b08	8700
sympy_u_sympy-24562	75c8949283524f11eaa781adca088386b3fad3adf5267c86c1342f6eced77b08	43838
sympy_u_sympy-24661	e29b9fece3a5bdb9171a448a783621e5dd1efc304a22b24e6fa79084f55d3d04	1314163
