astropy_u_astropy-12907	36f78854c907b5bcfbfe19d835cddbb0aa30d050d72e3508570ac05430bfac54	235728
astropy_u_astropy-13033	09616f9889cb26251086f440d649864d35693b90559d6e91a332f46e2cc94420	120995
astropy_u_astropy-13236	0be932ca01b8adc01b56c199e3d9ac0004df036a0d27a251e7f495305e137dc0	73284
astropy_u_astropy-13398	068e12a9d8f6776adb1de71a0f2812d76674e4d09c5997dadce91f7e10381455	113801
astropy_u_astropy-13453	a1a06809c0c771dc74ee7972788c7fd5d7287c950d191a185e1a95b70dda0f99	196139
astropy_u_astropy-13579	8df7766576d75b39576a3c46c89c00a09ecd049e99b508abf29c8890b2733acf	223489
astropy_u_astropy-13977	dbc777505850ae671c99b2f951783881ccb4f26d52a16edafd9fd12492de6f5e	89082
astropy_u_astropy-14096	0ec9232731fe8966069b0993be2db80fa60cf8f8e60788a98d5775f4d6ca69e7	125827
astropy_u_astropy-14182	4b3c40b3cd692f762c699e02ba539e441a3db106b4111a80d39708466a1ef578	103585
astropy_u_astropy-14309	3a7e4237212676807afb653a6d5355cd7d44833a68b316362275bcc4461493eb	171635
astropy_u_astropy-14365	5de846e9372d03d582a5007b0cfed3d692a2ca3836ceabe5a44673cc40ff04be	129929
astropy_u_astropy-14369	bf151c371481c2cb7fee8dc27d870b91f8b57df0c870065c515d6bb5d6d28316	177642
astropy_u_astropy-14508	63f9170f360fec5f98dfc076538c1694f3a7e4efcf090936379f23f546c27869	91382
astropy_u_astropy-14539	3eb64a846449f28d60510485de72c89981da97c00a296210f97268afea6d6b7b	88263
astropy_u_astropy-14598	aed3a8d0c6fa3a61ab9ed70d62623fbac3ece31a2101c084014ee638b5fafd6a	450759
astropy_u_astropy-14995	95dc66f2b50465c450d75dc2eefb4250471974545c93d0a912eb6cffd46b0cca	96228
astropy_u_astropy-7166	8da2d032d4cbb5e93347a24660b99c8f909d7aea78807e93f3982a77cdf57e35	75723
astropy_u_astropy-7336	b6285bc2f00c5910057c741b124c0c7251a2e5cc9cca9673f63caf7c7f0da5c3	108181
astropy_u_astropy-7606	84653ccd74fdc3eac67521fc965c6bd65832a7586f0e09c3683d6cb8e29451ea	46646
astropy_u_astropy-7671	b824dc0cc80c080f9556edc90b6dacbd974b0c601da2f9335b1c6a0d7cd63fda	64507
astropy_u_astropy-8707	f7decaaa9237affbe8b3d14bba33a6e1a487eae1d1380cb833126aab0ea97e14	580607
astropy_u_astropy-8872	bd40e2d4208c3ecd3c993261d2c492cd59cc57e25bbec1f7c9efe382f570d9b3	81634
django_u_django-10097	cbd668e4fe8442b4a9b52b4c15dde0397f4d867afadc1442aa41e036ea769809	139692
django_u_django-10554	1654928aa70d0845320c6faf08d4f87a9fcd06dc87f31c7e667dbbe8920f0278	70981
django_u_django-10880	ddf9fd92fddab6a7cebd60c88ca0c1b3121436bb51597245c2edc1b235f148b5	77662
django_u_django-10914	3d63a2581caeb37947d52f62c556bc9915e6f8778830660f643eb9d4faff7167	89803
django_u_django-10973	35a4821d8b11ec91dd1a715b45d4774e73b7af199f6bb1a529a1cfd4babeb7ed	62872
django_u_django-10999	a95cd48c8a7cc9b21bd48c78f03ae09e65e75ae5aac57b98ed29f11fea42e9dd	76292
django_u_django-11066	e58d358fc66a88e4557e506042c69ef32894ceba57d8c4dd35d6d63fe61bac0c	31388
django_u_django-11087	ca3bea6d5ee359b718b55a8fd6019d14b0748c3558d9daff5d5e8323383c2884	278028
django_u_django-11095	81878f9786895917ece57bfe36f4c53d1000d8dbddf2075ca6c6b094f0df60a8	58848
django_u_django-11099	00215a0d33d2865b9a4ce3196be938a98f25b8bd54f34a5fe10428725e44ce20	63672
django_u_django-11119	7a68e6819ed8482da58545eabcef06b3623b12e5a340aeac58f15e5a61fef0eb	133569
django_u_django-11133	debf52578a7bfda5c8f9d9f4f67c5bc686422fd141cec72db60d2d3887e7d1ad	103276
django_u_django-11141	e171a3a7d8950e4dfdc64b6ff2d8f8d7c520b98ce05954ede75d684c27c24505	109249
django_u_django-11149	31b53231fc0e540e32df9cc2fc6b853855d277eea11a80aae261a054a3603bc9	48691
django_u_django-11163	014ce1e755f0a7ca3d2b4cd4f92f95b39194314ddc988387bd1443f0d60ad6e5	44090
django_u_django-11179	b55925fa96a0578ec07dd45b4d7982c7b243892ead64226326b177eb30843d42	110150
django_u_django-11206	ecd93dcb721b359add38696834bf8ad5dbfcd0f97b3cf518296119df8b04d9ec	84838
django_u_django-11211	542c99a00d629feb0b21e284b5eb9334f6004d3f9d2f50b9a264dd0a460321a6	118747
django_u_django-11239	436657cc906f30a2c06287b981ab958cef874fbfddfdfbffa70024c95de7520a	92444
django_u_django-11265	6036e574e19b31eb01ab407a06fa70844532428cf523397ba3170cb35111f843	117162
django_u_django-11292	02bc7ba5c815075d82954136f1f09b495caf4b7f5fe4b8ff22c94d2c31d98dbf	104845
django_u_django-11299	34ae2745c0579e83787a589a0241de19abd32eb10a8c339d5290e6fc01f6d9d3	221940
django_u_django-11333	2c63786d01ad11a0204a0f31ab81c0266458531053357b5b82aac465b3397b99	96683
django_u_django-11400	1a3b9d6344c7e25b22690c40e218f3733d4646000499271d7ae00272e1ad5004	47483
django_u_django-11451	48d9dc607d059b1da259d31a3cebcbaebe92baf5130fd6cd483c50e88631e45c	67396
django_u_django-11477	a194528b3877d34fc4741362c952f20bacd0d8da6de744fbc98902bca0c0bb97	274980
django_u_django-11490	8e8556a6b8610ec50e2cd683a383d63b60452716043f5cf363dd83521f882555	76816
django_u_django-11532	8e665fc639b813f1a418c84e6249f2ddea4f25b77116b90feaff4640bdd34bce	114239
django_u_django-11551	ab35c48b00d90781086840d53eeb784b88d8aab1e82d3ba56ad118cab54b4c07	44674
django_u_django-11555	cb881da0225f3a27ea436c201f0edb7024dc4774e5f88faa125330cb97dc38b5	87019
django_u_django-11603	c89be2fbd24801ba01797a09a350d1579a9eafd0619b4ce4a8c94169dd1337fc	50273
django_u_django-11728	1d1b35565052a7ed30dae223a2fad6fdb4c37b432abed764f9fc9f0a48396d79	267987
django_u_django-11734	f640964c9e905f87deb6024504e0521c1e238a80a758f0a38504784e42056741	221077
django_u_django-11740	4dd88cdb1c77718c364e662ba03611a13b9f0c77ad84285cfbe9c1bf26f7bbda	93367
django_u_django-11749	40b38c8f02598eed0132678dbfd6038529898bb93a25c0aa7445408b59c1fc8f	321719
django_u_django-11790	0383d06b4bc449ffb5cb7660e8faee07fd9b0bb42ac475b1d28721358812b886	112815
django_u_django-11815	ffe7de7a6fef32df56acd6c46fa76b105b9ce1ec0c1845b896127d78fc94fbd8	103731
django_u_django-11820	7ccf3feafebe60a9dbf57f64cb69c1f90ee2911e89a0d25b65d2ed3d37629362	106958
django_u_django-11848	78baa4d30e3a64e7c017435cc13812bf179c56f8d4975059ffde6aa0cffdab95	96272
django_u_django-11880	62c7a7ff410bf8fbf73b7fb51beb9bb76a705dae6c56764a21940d3872f9bb3e	66579
django_u_django-11885	625eb45666819a201148435841d4b3dc699a46c228e47ad32729670f65047061	122372
django_u_django-11951	801b59350675edccbb3a61e8d8c619936392acb682084d412423df79231d8b71	27613
django_u_django-11964	bb029d5373c84a53f3fd497cd8d4466eefcb625d60657a1aac9b76e9bf582b6a	144064
django_u_django-11999	32c6cf18b610aa3a78acb5203aea1486de0aeb3902b85db3d1e65c5c028f6f42	76251
django_u_django-12039	baabd9ceb52bb6d3a75aea166f4f1c78b33f0e8db7bbf0c699e3e48db32a8a3d	148186
django_u_django-12050	f90a751e353ab0e10f6ce7588cd4807bfb3c1d45d63ccb31bdd558bbd9ae1b06	73872
django_u_django-12125	f2234f5ff2014ece7ccf0324b71385c59739acbaec9f89b75f936ecef2ed7377	119504
django_u_django-12143	01800fc75881c46b9ee846491ae5bd258e12601dfa0af19b50cc755ee79ecdee	38644
django_u_django-12155	9d1f77320c53c707c66d6d80c7bd370c35d9acbcc131fbeac127f6ed8a4d4efd	119998
django_u_django-12193	8c267a9feeef48d8d3537a2e565524e46c37908187c936db5b758abc1f114170	89016
django_u_django-12209	ce5e02de19ae62451daaf672e7caba0be2b362f76ee059bd83ee276c4e7d09a4	178030
django_u_django-12262	8ad24bc7c9af24ced36f15c4f874d7ec2029af419e6f337fd82d389571473dac	141653
django_u_django-12273	5f4f188bef637886612b46a7590296a81324cfb0c20082b4824a049b7379b79c	115446
django_u_django-12276	6d347e715fb684c00b8dbecc7db1d7589c1bcc7b026e4cfc555f8db26e49c28d	40135
django_u_django-12304	2d9ee1953287d0f5f18c924e8f12f3c5279ec08cd9de79045dad580aa9480004	100307
django_u_django-12308	19fa645ebce9e675f11f055dd6c3404842f542915d736b8b9511d257f7754921	119607
django_u_django-12325	48dcf7c6eece4da60f209435b29da00daca5a3c2dd5d2b628afb4596937408ef	137440
django_u_django-12406	f57cfcda2b5f8be5c4d3d9982ccfe4ebc895cbd368a8f70cf9a317b6252da47a	96079
django_u_django-12419	bffaca78d65749ed4aabf4fe8c440ba28fb2fbe35583a633b38f59c79a90a04a	73025
django_u_django-12663	dfbea0487d4a675a99d8c651095d95a75cee7db5b08c954d14ebbd6197423766	202900
django_u_django-12708	e5e3f9af2a0d7454f93312a474124df63bd4f69023aa156acd38dd15a389d64d	117914
django_u_django-12713	f3831cf6ec64ad1361aae9dbe6e76864bd7a504cf5306b397a508001ab3fb2a6	81629
django_u_django-12741	08f40c445103c37f51af941b127df533857856870b90b12c2cb56ce5dee76698	41125
django_u_django-12754	de3c37e13dd19948a5cace3e1e254fb2b5e68475fdd2d35b6b503d193ecbe539	142304
django_u_django-12774	350985c5ad203fe9645abbe6821e93dc3cc81c94794e57bda1a9ec29bfb4c21c	88980
django_u_django-12858	2c3f2e8aa63edc8e7eeba69b2ff34e829fd3c630733e50b919d2025886d3a72e	86863
django_u_django-12965	cf6c98c57e66022e4ef79b289407c3b5dbe79bc355046dadff00015a4cf87271	134667
django_u_django-13012	7516e913bf2d1bedcfd27f5cea124b55c4ee3719e97dbdaf80e8b41f44cec65e	269855
django_u_django-13023	05777822df3abf718647195fcf7cfb6b3278f6a066c6960c9bf6b8a860978a72	105444
django_u_django-13028	eae6fac906fea4561001e5207b5e2b2501f5bf6d5e253c0e0379e63785072a3c	90456
django_u_django-13033	79ffc0fcaf2f920d393d6fe1da6687cf537eddd0365eba42bf18b3b0bbdf4506	378389
django_u_django-13089	2acd95f601f2584e21863bb235eb0d526ac306c279140ff4748008e004721b77	29033
django_u_django-13109	40c7fa97ace2743db1b4b45e32fd5a30d8e12642972b7df9b7636415637938d4	34016
django_u_django-13112	93e569b8b8ead85590bc25390015785eb1d646f095ee0f16dff1918ec618637f	375620
django_u_django-13121	c2f9532d88527c4f819c24550eb159881afd0c2df556d34d1f81ff65d3b31631	102220
django_u_django-13128	965cd2bdbdf5f7eaeda216a172427141960309cf8cb2e58e93452b194b6f146a	123664
django_u_django-13158	a9ad565c155260aacb6fc8694ea55f8383c5497ba88280385dd1a908d8778baf	83590
django_u_django-13195	d36da06e70ea9f418f40b818e4b221c9c9b4d4ca36f35597f12cca4106b7d15c	114515
django_u_django-13212	f01e4c0f190b1ad4031e78fb6a1ff6e48b0a51484c57b697a4890b207ea6746e	122589
django_u_django-13279	a2ee38cd9d523be71ef0c41d599363096ce249a093031b4703167fe1df18f991	185872
django_u_django-13297	e2658c20057c00ad1234912e8182a572f15a8768050728298f1b0cb16673fd21	61750
django_u_django-13315	05aa0a9e0dfcef3dfefdf6c17eb7ba3dfb21cdc1dcc6f5e50e38343d370865bc	346763
django_u_django-13343	b55ea0b856bf90a8920f496dfc4acfa131cce07c5cbb26a68bc51286eb22051f	286527
django_u_django-13344	2ad3026b531e45895835d0b40ef8d27126590e463639bba66d7dcb22780dc523	77037
django_u_django-13346	3bd455556a4275d310657188ac656bf71ab7acab3cfdd0ff349c1eef1b463d4c	233193
django_u_django-13363	03f6a76f04619445d72184415e0784daa5e0e585c53cb8daa0b5a958eb53049b	63925
django_u_django-13401	14001f9c326000d4e9937a38b1696d8f11c577856ac14eb2019fac7f3d1cdf64	120832
django_u_django-13406	2bbb02fb97adf2d8c7c98c59155f1b18d3cc59553bfc8cbf3f49b2ead0e81a26	174759
django_u_django-13410	946c1aec03bb1704ab2d7313219c1d3d002f959a5ebe835eebe90e53fc1f63ef	11350
django_u_django-13417	796cb728dc230c8594d33afa58eb200b2cd629f8d1d5e07459d8a0ca8134de99	60758
django_u_django-13449	5c6d0e31e53de25316f8848128b123e1784538d3992b70b4c47f3995aa0e9415	384074
django_u_django-13512	fecdb68b20e6fc37760a4842513f662b2f1c3ecc2910d29ed0925bea0869110b	122254
django_u_django-13513	7dd514595cc5ed49ae2405c57a7f23f4d0c35a00d790e81a5a3ee2ce076c3691	82198
django_u_django-13516	c1757e107db4e095ae5e0bec56c449b5e28fc1404998c8889dc95d80336dc28a	99895
django_u_django-13551	f7b644bb77ef86136e3101cbfdbc8d0a074859da1e4845f1db89f15a158a217d	79051
django_u_django-13568	ea4459e0c7ab94e4be4082d3c31c1f57b4f608d79258a8d41f520467af9d51ee	118627
django_u_django-13569	75a59d7d07e43276f269be797ce299d00a27a7ce449af5cbc7785f6c43a1531b	97478
django_u_django-13590	37a3f6f87c5592bd9f6d764611edb660479f415148ade626a8d266640c40ccd4	60857
django_u_django-13658	ef2a5072000a5ee9c777097cd1c85907cc7eb8b7b7ac5e0195f878740593bad7	66323
django_u_django-13670	f82c5c44251e5747c4b063371a63eca226968f5557219a874660522e1a5e2837	88226
django_u_django-13741	44b23eaa4ef0d801c3e12f7a64ae738781c0ce3e677e4f42fb99f4b1c94c17b0	77726
django_u_django-13786	9404bf289bee22f5774b5240a7d8643d7482d1dcb731b470f5efb241bf0eca98	50034
django_u_django-13794	16b743b9a0243ed6c6be6087b84726c9a2d66e0d2e3291459648405df542417d	120578
django_u_django-13807	e919a989fc63d5da2188efbdb0905d9291fe5fbb11aad56724249a1873a647b8	51100
django_u_django-13809	3fe1d9b17fc4a83ea9ac9e091fe5e4417facec3c11e9fb9da12ec26aa7451319	80790
django_u_django-13810	4725ed020d159605b4f26483988b05411b81204c2997284ba93f37b8c71a4545	94821
django_u_django-13820	d75ce2020082198a45874309a2ddfc4df61b4c35ea1a8594789fa87b821a19c7	93370
django_u_django-13821	29908fbcc99be79439255bbc62f13fe56c8a166d1321608559c1f3d4a92ab34d	54841
django_u_django-13837	b65e5ec1c48142cb7f993c31e3882d9b0396cf6eaff11c0cdeecde702c698a9a	96403
django_u_django-13925	b1ae09fa6efd4956e3ab4af5fee886b241b3d31a0fd926a8118c040c62295ab7	70563
django_u_django-13933	ff1f4f81c3620df65a11b0768bf4850dfade4b2fc9ea126efe6b39860c908289	65657
django_u_django-13964	976000495286c22c91aec0e5e38d8500a22573741d177329c2a9c08a35f38216	130514
django_u_django-14007	776345bf6f9ea368414536de0ff130cf758cce4a29d6bd167a49cd10c41b38dd	97243
django_u_django-14011	f5bed3fbc5ae33d1953487d34c01395817b37bde0e77f1524c32d368f40b66d7	52169
django_u_django-14017	8ddd4fea689af97c906fb9c93c5acf49c5feed2b84fc1d22d1f21ce61d158337	198115
django_u_django-14034	8ab8c3ca2dd825f53d5c906ee48d5378e0bc2d9e7e6b9703d0a420dcc809c5a0	164140
django_u_django-14053	8b697b16c9c4ca4c665e19565515a00700f69d9e27bd4c06a287b3bb0704f0ed	109762
django_u_django-14089	4161a240175172dc63a0cc2f5899701dc7923b99eb9e1959a420c7dcf72ef7ba	62445
django_u_django-14122	6c5872572cc8c2959e1ffc13f5caf41d6d990d22bf8362cafd6dab921f52dc34	133055
django_u_django-14140	b7d5ab0666a3963752c76629318833d8a83be678d6ba436e9b83d1aa02c64213	138040
django_u_django-14155	5c8292cd829835666940e917ec5dbe673f44f7f728fd9e7e2b2c1a8aed6d1719	49688
django_u_django-14170	c05da1d93ad118397c1181a529c974ffab4cc340d7d42509f8d80cdc33d303a2	100768
django_u_django-14238	8b549d54cef6f6edad60b1c4897d4bec2843dbd7462c9fbd9300b4801b36c9c1	83312
django_u_django-14311	cb7cb26900421321f278a3b8f0281ecc323353ff477cb08bbeb37d32876dbf8f	77925
django_u_django-14315	9566e3118882f0d836e09e3bb43545c7ad28e6ac24c88d461c3e0147b9b64300	62052
django_u_django-14349	6c56637afc57eb8780620d4be5514bf2e57fed241b07bff9d8b9ca6ccfa6e5ff	115592
django_u_django-14351	c5721fac6f314228d252ab9ef9a19b95d7eaeb11ccae556e4ca6eda9487650f3	131294
django_u_django-14373	676ebea9f0121066d35d0f10c61489cf61a57bfc6bc18ddc070155a42b9d7089	85511
django_u_django-14376	df9307f331ba8dc81e11bd90c40692e4576c0b12f901f711394c251202061a96	71421
django_u_django-14404	57a31135b1ced6ec7de558e93a293f79ac8a6dfd8b91dbed63c5e54921792fce	132053
django_u_django-14434	2f48c0ff041f07e430cde1b2ca8fad9e8ddc96b82b9be1cfe5127bc809f3ef89	84688
django_u_django-14493	c37c7aece28a20388fbd0b211727a6d1b75866ba4cff3d311cf2683b574ad0db	73315
django_u_django-14500	b5d7b2bb55449f25ce225e49e1d7ac4413af23b99ffd49e890f8b9638a459760	149321
django_u_django-14534	041d0a261237e5ccae11c1a27e374320e6889b3a6f2d1e9d3f7bc748b92ba1bf	60848
django_u_django-14539	ff67dd15aec9c47b1a43c24a87f4590c9ada74cf85ceb307082499b5ee55c6bc	101426
django_u_django-14559	3b6a3d999ddcb88b96c52da1835cda686efa0ef3973d766b9d2962c24d33e82c	68576
django_u_django-14580	3168b31e4ace2f87d935e2017e04e08405c56a8d44c5fa37750bf66daeaca327	129720
django_u_django-14608	691909b0d7a883357d563acdc8c091311aa41e2d3e982351029a5c2cf2899159	115413
django_u_django-14631	d919bc80db52aa5fd985ef6f3c892bf18bc2d2c5ef81c77100a048d42f1f4fed	97255
django_u_django-14672	292054d3579fdadd090a0af5647f3fb07bc98f4b67564d68db34e48d4e69d7e7	52533
django_u_django-14725	830b2d8f4f12882c8b87d5c720b66a35a733810c44518e5bb44826abe0f57147	142866
django_u_django-14752	f7e329d3768013db1b270fdcfaaa2496e2f6498d986b54a3c5a71c1fba97c829	39272
django_u_django-14765	379b943190ce3960249021b78b0a1f4804c756b2f1a477732bb2a354d7272e03	43970
django_u_django-14771	4ce5cd60a9ccffd360abefab5b6cb021161644247a62b0f6cd4e48658dd75838	99007
django_u_django-14787	ac42ac87d75750b2f559152568f2a36a1f0aced7947380b8a29f7f9a382c5ef9	79406
django_u_django-14792	5f668bc807e797c8c1d071572d8ccdd80eec2fd1bfc5c944980a1ffea5bac03f	101525
django_u_django-14855	01c2b75a028622a26fd2901a3c469342d50649c0f0482275f3ff1f20a4b076a9	51387
django_u_django-14915	03a2c9aae9e8c41ac66b1ca34e7328b201b467c67284f745910e1b9fe5e91ee8	53524
django_u_django-14999	6c92d2314f8dfb8d7ac645b9812592c162371d24bf02e027a2acb7fea3934b93	147310
django_u_django-15022	93456a67b948e631b941f5758f154484468a360470c3243c101bf2785daad4f0	67812
django_u_django-15037	84387443180b6a00a61b688f5876c949002fc76fe3c6a9f2ee7c6f56d98b6145	174715
django_u_django-15098	4ff5c9b46f43e3a5bbcef5f6206f30a40bec2765badd99e51f80b14c1eff8b39	70900
django_u_django-15103	c716fe4a001703fb9150e35a36376c2ad6c106464dcd2e1503cb9f971764737a	61272
django_u_django-15104	84f7ee0be6f6ac539fd9ab9e68b3d04ed9eac273141163cbb2addc0a70f6e57a	14504
django_u_django-15127	e945bca5b508bc62b28bec1ccae005e73b4dbba43b0b4012cb20183a98fb105f	110114
django_u_django-15128	7316c6e84a3a4c51589a53372eb4b3993e14c2ba074de856f34ebe1d96b24a8d	95719
django_u_django-15161	748df5a940df2564db767173621c8f57678236278924b370ec951aaa92887ac3	131016
django_u_django-15252	eb1869c968d7b6309c300ec0314b93f9f96abd8a707c3eaf629b36916645a556	108751
django_u_django-15268	6906854e16f475fef8a6d7e7e7f308e32731a54fad932839428d4f9897002443	249457
django_u_django-15277	f6093c1de9acef3e118c8156b52220da75cba15a14a88117ed1b8e0f07f8aa2b	61213
django_u_django-15278	e58e1c4c69131c4decab3555a39abba502bbec35e1fe4dd42f85906d2f65151f	111525
django_u_django-15280	c6cd196f3a9b47cd83f914fcd2e05136a713dcdd5fdd3c878894052a24332056	132819
django_u_django-15315	c7606799bee9eb87c412d1aa3ae0254a3de72ca597cd15981c7b183b9a333ead	103041
django_u_django-15368	01a779330656256a21f21e12c55f89ad4e93b890f0c374efa49336194e8851d4	56209
django_u_django-15375	f4b81b211a95abcdf7395315192cf4a4a541eebf79f6a9f7b2fb3b28f61e9b32	152292
django_u_django-15380	9f716f1927864ac6a9c375b15c4dd2c6b8ade041c7c9869cc1431cc34de70530	46085
django_u_django-15382	5eb2fbb95ff67b0541d6758766d328142f9b40ee1ca9aa8f7cf41f2aae38ff5a	151889
django_u_django-15467	6f322cb3c55bd29ed3ca8c7235e3b3e470ce44da2a1b1747e6f82bd46adcea52	41249
django_u_django-15499	bbbd53b4091fcdb44515c3d60402dc7bd6f357bdbbc40954a9bf5b8597aaf633	60213
django_u_django-15503	852e622e7c161fdf991425f9ebb66dc31a8bbc5c4197e4dee384699123afa964	115719
django_u_django-15525	0b92cae261a97c9f7a3c83daa3c2cdc1fff360919493fa76a52d986598f20669	124942
django_u_django-15554	dcc5c9dc32f37c7f27aa4b1e4f0e13f511734ff47359e4374452a3e7eb38831c	106352
django_u_django-15561	2c9b0310be3d9c72677756074321b007b14a2f4d687de8e631e39e06ae06fc58	139576
django_u_django-15563	6c4650999cfcfbc9976bd4182efd1f6a185f842711c4809c02c0a41ca005ec2f	112456
django_u_django-15569	6ca483b3f8609a992eb0442ae13dc588e5036d70178cfce1644b291f3a3fd4bb	48278
django_u_django-15572	89bd38aff8720d13bf16a3ee49c376cc81adb77c959464c17faf4b7b8edd8cab	87619
django_u_django-15629	f81cdeb2d4bbc9c6d342e88f4ec7fef59413d3a38795d9698fd05ea6623dfd85	119438
django_u_django-15695	b0db6dc496c44260a3f8cce99da2ab6bdf75c76e142b6ac31d00df3edc7e89f2	97169
django_u_django-15731	8e23c50196fb95c1f6fe4e20dee2379199b9ee25b11bcbd90518b459265533e4	67808
django_u_django-15732	6e27b144a613e706c368c9a59425430da82f3615197b757a48d7f62b3e683db1	115417
django_u_django-15741	5a58b8432852b98782229ab1d840433181a9e8913479d3c8f6ddd805daf7b405	65827
django_u_django-15814	b70fc0fcce4e2d565c1d21eb087b86187dde563709dc89272d404df488ca59b7	94390
django_u_django-15851	6ebcc1899c75a38a54424033bd817a3c2d5937e486bfd8e6b8e437178d47c898	72075
django_u_django-15863	4d653133d0bd2cd5482dbf621336c769ca2e3125b2372207dc5a655d88b852e7	78885
django_u_django-15916	49aede1a6174763c378a948868a9168fe6badad520627b8055b3a0c8068b91aa	136938
django_u_django-15930	4dc14be4f9227026766eadf7021e6341d2ddd74f14c3ad4e28c3b83d58a48c09	132463
django_u_django-15957	d6faa8da8d9f53d878797d03279cdc5ea8b08cdeeed270be2932987bb8de0920	82993
django_u_django-15973	d0e0870acd60d55b823ac1b30f7c8cf65a7b4d39fdefa1e15169d7fdd6bf2892	120404
django_u_django-15987	01f20ba9b785dad29bc0b16464b320f2a6238e33c265272ec6b899cce1f42cbc	117579
django_u_django-16032	21c16853f2c376e61404e978b4e259bf43486a33585e61e42ee4b7d50bfb40f8	114992
django_u_django-16082	d2e62d7bfd68862f867490ce953f639cb603b018061d30c9ebfc9e720c54a0ea	61355
django_u_django-16100	93c486e5e7642f2e7252b72e48ca58ab070c4f06755575499f050f1dc05009a2	46085
django_u_django-16116	d05ffb2bedc66ca36e5ab077fb00c36414d4cc9feae142e63a2a7055523c5833	106668
django_u_django-16136	57348b0d91c8d5adf261fe01290e6ea909a1527461efd674fa08940ee2b0f237	307154
django_u_django-16139	b3616d19eebad96b401476b491337bbbe76daa7c4b453308af4c9a0fdd251597	53479
django_u_django-16145	26abff886ae0552f3f3646b0e2b7d2d84d695216a05c47ed5dc30d19f083495c	68692
django_u_django-16255	28238bce0a0aa9ee78181134cf0b807ea9384c39f1b4cb3390e01ad7f418d81c	26182
django_u_django-16256	e90d10ddd4a7fc477e1a43c4e8941c17fb2562d3ef1f8fd9e57225d8102b8a26	42011
django_u_django-16263	179b21995bff45a28c54850746053d1af09c1eaba99a53be85fec71d472f9486	104455
django_u_django-16315	3590eb77c3aed3d56cc87c66da44b2d7cba71671ef11f3dd0ebd6f5a779f1cc7	98166
django_u_django-16333	d91b85e58993e10d7f32d255a38c3d36be1080a640d8607e2471c507991eaf6f	72775
django_u_django-16429	c26ef5ac3b3a5aa5eb8feb7ad11342a4c35c2e218f057abded2e6f3a99f14c7d	118652
django_u_django-16454	0ab2d6f29b727aed2a303824fda6aeea30af662d2b35ad725552a1c6b00eb207	133768
django_u_django-16485	addb320d428ff547628d9399776c05fea62dd015b61f87a65d5cbebd02e9722b	56001
django_u_django-16493	304e303f47a8e687ef295351fbe96632f5f62992e310ac90ed6d3b78c5beb9ac	106795
django_u_django-16502	d030a8cb43dc5ca56c856f782028d0de90c7f1e5458d0f3d5c1a237e1b71e810	145664
django_u_django-16527	eec0555fc91839d694f164c50848fe70abd342daab275c424d6ecc93e23c5670	12037
django_u_django-16560	86e12f2c9d43a05b998989b9726603d6501b5d584d4135ef8fcab6cfc2126aea	160267
django_u_django-16569	e140559083b8f82e16049b6688f43d035cb684fc5ad36f2d42ff246cd6a49f12	74647
django_u_django-16595	c529ecaf032e5d3aed6958f2067ef97c30f4da75c9aeacc7b8aeae8e2bba4d3c	90952
django_u_django-16612	a6e41d58d7499c2c03dd3007a90c1959288b3a2aed1fa7d00ce6cd482282d994	114010
django_u_django-16631	69e187ae443f0986615dd0988143f511bfe53bdcc7a0d64c370f09d13a26e4a2	132587
django_u_django-16642	6bcb7cc54868cdc7f2e53d783216bc5e3103d63090a338b97c452431689fef23	74679
django_u_django-16661	beb9ca51bfeffa09a94f13b039647d13ad2d49d0a0c7d80ff7d0d3712b7ebfe3	95862
django_u_django-16662	996536f38ab5dadd8c3f07fbda35da8b1f9efcca575790b706574558dd322193	98797
django_u_django-16667	6b08f7a827d05557b9021f5fa8bfa998ee2b8d839b7780152103124f43074772	56786
django_u_django-16801	f5f007adec8e9d47d50389ce8e484cd75cc0ba34baba87675391af2248f9af86	94875
django_u_django-16819	6f9d236b07d7a1dd836b0c5f3c342832bc2ebd1c5bb094bbb0f04426872df408	196120
django_u_django-16877	88f3b166d98dba35f205cd2be2eba85fb829e64b3cfb7104b53d6db45c039778	46357
django_u_django-16899	f940c0c580ad7d28b1e2c349aa26d4a2358da8dc532562171723cb673c864379	58883
django_u_django-16901	77115bf00923474d194979497d92672b26a8de9d23c215d9fd24a48206560d83	120743
django_u_django-16938	e43c28eaf605303c33dafda14ca8d33fac45ef42a0e022b5800f1f63fe05da73	152787
django_u_django-16950	a6877b5daf4e4d94bb43fc8c5abe515b40148dd38e2391ec59bc43425f3b4b23	128590
django_u_django-17029	6f6a9da9cf3a299686511db45d2d9d026911b05a41bf77dca05cfd6fb1ef5a94	30428
django_u_django-17084	3ad8b396aaf738c12b8ffff732692b246a23a1e908becdc09a56798cc3b8ebd6	173687
django_u_django-17087	762d895c29d28b048e5a73bcc4b4e19494f4990d3c42864c0fefc359f0ebc653	173278
django_u_django-7530	98fb4aa24666bd69beee1e6e5c9e5af1d554afdd884f949ff40975e85636e8f1	295027
django_u_django-9296	b1af01664a2dff1d8f9b276671df964a5b2e0066e274807da85fa70971a9b93c	84580
matplotlib_u_matplotlib-13989	d24d0c29afb507a97cb35acf30fc80a0b8cd52c4de7ac4f7ac41c796ae974ca9	72351
matplotlib_u_matplotlib-14623	87c4c31a449826fe2f5e1d7750daef4e47ff6ff988dcb3cbe169b830382dd149	323356
matplotlib_u_matplotlib-20488	f02f0b3f19ee452289a69c95a27ea9296fec77bf6f85dc88677e5abb59932717	177587
matplotlib_u_matplotlib-20676	a3004600630b2f3050035bbf080bab5c4732cb7a219c8c4589e8e911f1a1cb14	143112
matplotlib_u_matplotlib-20826	35fbcd1983752363dfa6e9da5f1a29bf285eb53b4c3f69f01e47a390fb6c45e5	164236
matplotlib_u_matplotlib-20859	e54a68cf52caa31a44eaabae8faa9cc369bc1987deceff8a734a775c89589fc2	70816
matplotlib_u_matplotlib-21568	4645c89b7b384fb5caea89f29d926be85548c700ce9fd16c598b5fd3b6b4b94e	159431
matplotlib_u_matplotlib-22719	6d165322e365a6ce25b47dfdd4efcc847d23487a03c0358f696b7aad05095e37	73659
matplotlib_u_matplotlib-22865	f149d7eb4836569690292c0eb8c80331b484ae743efb785e1bb20cbb12458a28	162521
matplotlib_u_matplotlib-22871	433ec419cf1da41b01ca0e6975f4862f7f28d61a99037f030cedb66fdd7c5a12	188766
matplotlib_u_matplotlib-23299	8a3259ed617604669046316a6ebdf8c0d1f9dcf80954e62af133f0770ad5a4ac	140247
matplotlib_u_matplotlib-23314	e3f4b9654eee772f82a803b3cd50eff56172b046690ea315cf15d0c0e21c9a1e	98105
matplotlib_u_matplotlib-23412	812ee3f3dcab8b9b89e7248296d049f4f92b9d5956139f319e0523eacf11ded4	55868
matplotlib_u_matplotlib-23476	d5f9844110e56e4e4d84290ad7cc7ac97226cfdd37d6ca18557370352b5ad176	124430
matplotlib_u_matplotlib-24026	444edd2b7e1b17bb60ea4b084282f610097c8a529143c8822f30407cc8299bcc	83411
matplotlib_u_matplotlib-24149	1c0f6e63cd1863f070690e2a7817450b1ad49de20e8529030822ee60bd4f149e	61106
matplotlib_u_matplotlib-24177	ab39576a70091d675f1f207fdeb4a7c7fab028d96f92834edd35ac69d045a390	122043
matplotlib_u_matplotlib-24570	8e43b2d3f40069c2f1ca547f10121d9cae5faf51086ebee4263997bb9161a297	153037
matplotlib_u_matplotlib-24627	8530588cea2dce927d7bf2844b73307b0f58a256d7d930cc25e8e47bb479314a	96958
matplotlib_u_matplotlib-24637	e0b849bc1e7a6ea40f7aada887c2daf8f34ad94ea4f206537f02c0377d60e173	101132
matplotlib_u_matplotlib-24870	34279f489c275fd37d8036d27d7d68957d9da4b40095c087395dfdfe544d8260	173238
matplotlib_u_matplotlib-24970	0f046b41a55f4f61769adb6bc82ea62f9e98d023663fdd142eecccca0e8da811	59677
matplotlib_u_matplotlib-25122	501e2f78eb26bb70629329c1b5a5dbc906b7187734076dda0051c87faf1a4b9d	637797
matplotlib_u_matplotlib-25287	966be32fb4c240111a9be84eacb13d08091e698dd5d25309247f91022e5d1d06	74243
matplotlib_u_matplotlib-25311	df3e4987399d951efa34bfb2896cea7925f81772be7d10d67c5c96b3b46100fa	140806
matplotlib_u_matplotlib-25332	0d9e18b7b4ac5665dd01ac37efe73db8fd9642c30611ae68b7319edde172df11	107241
matplotlib_u_matplotlib-25479	8ac1f140bd47213006fbd09ce4cfc3c6313dedcd1307d04a6e0650f77424cb13	173760
matplotlib_u_matplotlib-25775	0ca819c614b07c4d6ab003d7f7aa7ed1565874da0d6e9217aac0bd19b9f153e2	110354
matplotlib_u_matplotlib-25960	d83e9cb1e88e0ef81fd0f3a754e28d9d7da9ff7315f2f0fe6f9e59a96a9fddf3	106001
matplotlib_u_matplotlib-26113	db122821bd69ef745b7adb75b9496b474f4b8501720edfea68ead87ff40accfa	48827
matplotlib_u_matplotlib-26208	5605f3ce2f1c06662d56f70e68b85d1b467908ffe38e3f3dc1e8ed7d0501b4f6	287289
matplotlib_u_matplotlib-26291	dcbbd28c1424537f5a394a418b93193c43b63ff7ee0f9e31cf032720f2bb630f	91730
matplotlib_u_matplotlib-26342	21aab5d8b42f30ef9a2423e4266245bb1ea384f88fde234964e426b7af52941e	65560
matplotlib_u_matplotlib-26466	9ea706e29ac999c5ac8da96ec31ba654b614e33c3d07dd6143af6e8f28866ff2	82934
mwaskom_u_seaborn-3069	48a4cde902d872aa6a34c5ddd32bde71355534d93d218b0c302a4f24fa3e94e4	139295
mwaskom_u_seaborn-3187	8ba5b7765e0462156c59796150bb63cf77e75e526680b933184b5d366c19f466	164538
pallets_u_flask-5014	e2a730b37fe103d0312cdec67c81004c98c214bd6978811a59d8167d4f2eeead	97662
psf_u_requests-1142	612e1a415ee67df608a0ea035b6977f9085f9f974fbe56dbf5d8efa970022a08	174476
psf_u_requests-1724	f905f3968e4c9e7014db932b418103b8d26860a866d52deddfdb2258d0a926fa	144161
psf_u_requests-1766	301d3b5ba45d0c41c114514e33de5dde49bb25d0a7937c3371cc14f36eeca999	55828
psf_u_requests-1921	a739121c6b2d13b8c3aa6a89d1a3af44f4963df9c027d249ed8aab3f230b7004	107809
psf_u_requests-2317	771a55d04345571c11d8ac3d9f82de556173cac704f1548545059b27fbc21d8a	95322
psf_u_requests-2931	d54568afa91299bbb2d0bcaea3df544f02f6324acc8564822b479ddc729fadb6	235654
psf_u_requests-5414	429849efad2f845f3ea84d6f47792c10e71d1b43c6db2c1e8bb52935b3e1751f	80583
psf_u_requests-6028	a40ffee48c8a32e42081a83def79177631be26e4a349aa2fc11385976c356a15	138610
pydata_u_xarray-2905	5f336c25f2dd72168deea9d97966e2c96bf43f59b2e01cf35e0b2f20946eebda	99327
pydata_u_xarray-3095	bf5c531dff7a6b5b21162715db29b7b4861f58c014536ae4a33ec85cc61353df	144095
pydata_u_xarray-3151	de65a1a7c592b421560ec77bb977aee2f740a7578beae111744da7363e862ed5	107106
pydata_u_xarray-3305	95b9a2bb4d54dac83114083be975672d35df015e82b4bd0fc6e35eadde745b10	158884
pydata_u_xarray-3677	817ad82001753233d3c62defef08f7876cc330fdd51e68fd73a851565ee3fbb7	87095
pydata_u_xarray-3993	b9a47338b229f191b79185514884fb020ed601db05495e02660dda6c1accc649	113256
pydata_u_xarray-4075	ba581ce0737a7e0609f7432e71b34b8e97a7117e55be53bd15d802f5bffc082b	203272
pydata_u_xarray-4094	9bbb4b17602d0c39594fd8ef4d6ceba7f4598cf87e8eaa33087bc673a26d8b04	264180
pydata_u_xarray-4356	fa5d35c37eff0fa434d8d96b1087d5e57d91d6a62ec48b2d6c530064db35441f	431344
pydata_u_xarray-4629	937e4aff7e0d494317fa0f29555c32ac5e7beb0e15e9891dd16e848e201369cc	72647
pydata_u_xarray-4687	acfe5a86b87f6dba278f5a65d88ac4dc6e1e4c887d67b0015d9ab4e46e72659d	219720
pydata_u_xarray-4695	266b3b209cd7ca867bb769c39b2b247683cde77b6f76025445f3b98d137ffb95	341258
pydata_u_xarray-4966	6352514fd8dc1fa63b6a69d6caa90d71208c47bb3dbb435dd76f4eb648f18d9c	42418
pydata_u_xarray-6461	d5107c5facb5caeb588be74668ccd2686eaea0ff81628d78c1b91f2ccf3052cf	73877
pydata_u_xarray-6599	01df727496acb2ad3be702b211bed4896afe47c625ae0b4703cdca761106b6f9	334381
pydata_u_xarray-6721	64d98f8f677253928c866aea3023b9a11f3b9335ee8e795bf69b5c759768beb0	99882
pydata_u_xarray-6744	3e06083525ca705baad10f2ccad3a929b693280b4bd7c7b19740380a3159fcb0	184635
pydata_u_xarray-6938	57cf5e5ece7383029fcc61beea531977a37e964bcb8a7579a499fda8351aedce	176086
pydata_u_xarray-6992	f2ab179f8033afc32a277f9a3055c1c74878888bdbf6e5ddf28a673f01bc4b62	69127
pydata_u_xarray-7229	a667ecb08994cdf900e9f2c6f20353bc0fd2778c0ce59d607bbf06726ee0ed34	203398
pydata_u_xarray-7233	c5ba58b9e810f4e72377128c1be48034117a54cbd17167b46fa6b014d358d387	88910
pydata_u_xarray-7393	0be960445163e05634b532983e1f6d83515936b9266599e5618400cc7ae3d565	241745
pylint-dev_u_pylint-4551	fc172765790ddcad823425313bc54109dd99fe47b965f8465a1de55db1ff6213	211387
pylint-dev_u_pylint-4604	298aaea48f2fd96739beaded1fbadd6f32ad26c1807995e5fa9954551967af7b	412755
pylint-dev_u_pylint-4661	365e498044f72deafef9f29505e1f6d0b73e884c15d42eb28060bd22decbbc3e	71820
pylint-dev_u_pylint-4970	6224cc2022276c530a364bffc05ddd7674a03cb245bf953960ed455a71c3486a	63668
pylint-dev_u_pylint-6386	3e040112c0972a400a91d5c6fe24d0f7ce000f79defd449531d55a07c8835ed8	127305
pylint-dev_u_pylint-6528	d5ea69f4c39ae5afba45cd979daaa52b2947e24cbb865d1382971d1071399a59	245852
pylint-dev_u_pylint-6903	ec43049e3d15b84fed22ae243df026e91b2f637b11fdea06834e7931b5590e29	60348
pylint-dev_u_pylint-7080	96fd67573272c64c9a18d4814a77aab78e04069ff2b7f5701195d484f199620d	124954
pylint-dev_u_pylint-7277	749af1118f53c4af7f1cab7ab12c83e72bb097fcf0c5e8c831dbede01226cc5b	101888
pylint-dev_u_pylint-8898	2d2989fdd5a26172f05b425617f8e6a98b595a13b1cc1e617a74d987ae8b811c	148841
pytest-dev_u_pytest-10051	9b1d726c9de1a929cb22f546fbd2bd0e7f8f35fcfcf4782a3f0f15d037162bf0	110859
pytest-dev_u_pytest-10081	7ba9bea02a77f00f05e87b0bf526f754953fcf623ba440eb36a14acd75832d51	98642
pytest-dev_u_pytest-10356	f3e7cde6193f33bbedb71ede6a039ea71ca1094be000114bb4c883ca121443b8	183242
pytest-dev_u_pytest-5262	d6a42adb58573c0704e550608484b7faa32e5f0719d6f75586aaf99dbae78a52	134374
pytest-dev_u_pytest-5631	d3eda0d21097bfacf3b8399290e834125e7a67d955b9125a941df86119624126	106334
pytest-dev_u_pytest-5787	d9688cf855010f67c36f07c47190e929e7231e13ae6cdaab6dd2157388591765	122762
pytest-dev_u_pytest-5809	11b802be4ea29f9b01e8ef0030b063f12eeb0bf04cc78ccf615f73826ebc6647	33651
pytest-dev_u_pytest-5840	5a9b29ff5e78a764baf580828c4e44c2b408e48339329c67c34272d6da965df3	105525
pytest-dev_u_pytest-6197	a29ecc1378352016ed0554b7f48ea08a18527e15b7916318f638ebe0da417afa	261081
pytest-dev_u_pytest-6202	cbf49158b782f515aa3189b5429231164bdcfbcb2db95cc0059e98d21ba584e9	72126
pytest-dev_u_pytest-7205	3002ea1b2c732536b89acb3f8ace1b1c72dd37b9f16d3ffe7d230957a526d687	99301
pytest-dev_u_pytest-7236	5a9a1f8c1894cd0ab345c5864c06ac41de94fb3f009fb3ea8d0552bf35c8abd6	201049
pytest-dev_u_pytest-7324	0b686e1d8d3d59f5232c12a804fa5e9bd6c7df9d3a62f86f1bef070200349495	160534
pytest-dev_u_pytest-7432	1ff9deb21d9d2211b799f2a773702e492e8f632124f887cf9449fa7d8210adbd	160459
pytest-dev_u_pytest-7490	7d22f6aab744d8b47fee5c36d9a6645e7b4a1f43ddaad6b6ba754185de567c01	215700
pytest-dev_u_pytest-7521	a0ee9c0a5a3b0f22819f97f044c6473e3226e033e0c127eae262c2098c4b39a3	95471
pytest-dev_u_pytest-7571	797895b89de4f57b728f31761eac32673135bbe19e28af1db74e8715efb0ef1f	111180
pytest-dev_u_pytest-7982	fc084495a2bd6d3b377ae6bf12fd5b6ae338bff999a3d5fea64b79d4d51a1091	54636
pytest-dev_u_pytest-8399	bb6f242761eb7ccd64f27e50e3320d78a3d919b676957ecc86b8f7016fb72e67	168782
scikit-learn_u_scikit-learn-10297	d6d5ec994331af5194071056573a6afac098a78c972445e755175853f7ac5db3	66179
scikit-learn_u_scikit-learn-10844	953ba0ed7188784047014d630dbdb1b6d924d859f32ba89200b5e9f7a5561b95	32234
scikit-learn_u_scikit-learn-10908	bd6790cf5435b1403313d3502e22eee94d977a8ecaaf8a5b42b9cb98bb7b230a	69856
scikit-learn_u_scikit-learn-11310	c4017830620edbaf8fbe523f693bad3338f0e416894eacb15c8d54b64574e17a	169051
scikit-learn_u_scikit-learn-11578	1afad4fff4d178a176e4284a76d372de4edff74e4432d8bbeffca194dbccb549	63588
scikit-learn_u_scikit-learn-12585	18856e8063082f1de76749e38eb363a3b86487795105de70974b9622bf4576f7	77032
scikit-learn_u_scikit-learn-12682	5d8fd0cb6fd7fb27113f912faeee985304a75ae136a2a14f9c1fb520e4e1d798	212639
scikit-learn_u_scikit-learn-12973	f977672a6c18a62772a391cb2799e5df51cdea1cd161c6d9efbcaa9754747911	48712
scikit-learn_u_scikit-learn-13124	8233abaa74ba12e4d5981402e8a0f176231254d314b14d1de144838778297826	228669
scikit-learn_u_scikit-learn-13135	4fe3f487f67559ac3fed319b7ae5667c95860a0a43a76d15957f58a604264627	84413
scikit-learn_u_scikit-learn-13142	5bab49e9ac4177ce8dda27080d472cd29f7f00c735d020d96875b75179b18a0b	169209
scikit-learn_u_scikit-learn-13328	427a6efeecd3d514e2910ffee671e9b27a63e0664d5e7c843461b8af1ac8a1ac	99773
scikit-learn_u_scikit-learn-13439	eeefd7b9c8b78d20614b8ad2752db6a81d5c8809c37e08ce40d684be1d5b41ed	47323
scikit-learn_u_scikit-learn-13496	0d21a2bdd6b0209e340bc2436005d50b0eefee98b9135b6d82fb7c8669552d4a	91776
scikit-learn_u_scikit-learn-13779	f51a1f56d307d21eb37f2fb3877906e102c8669c8696fba90ac6d5e3a87e5b3d	118908
scikit-learn_u_scikit-learn-14053	5855d58570debf0d46136d07252c66f67a236bd18c8849ee02cfd53ef2d5632a	56606
scikit-learn_u_scikit-learn-14087	149e55b7d7e56b51455415bab2bd575ba266f363d60b7f2a931c4a99e90894b2	167234
scikit-learn_u_scikit-learn-14141	96dbbfb8a1e22e5969cbadd16b27a1eedce7e9f4a41f8b5e38fac64d0ab185a1	38043
scikit-learn_u_scikit-learn-14496	e0c19e1cb460eb183764c35f521468d9795d8afce189bfe5fc5ddc903afc8510	34588
scikit-learn_u_scikit-learn-14629	4d7b5e6ff6f4ab35d9303934e05d8af2da44aba19b5a7f722c25c380d9a6b518	90217
scikit-learn_u_scikit-learn-14710	e373ffcfbbdd3d6e95ece1a69f6019874a736f53285acaca464b49dd7e6b3d5d	52393
scikit-learn_u_scikit-learn-14894	ab9c92a60c53c471fa9d31880c2581dd5a14627fcc73a6d9540dac03927e4e72	76478
scikit-learn_u_scikit-learn-14983	951c79598e453288ded7f1a124021efa89c9441b45e204b46d0103ddd1895f46	82625
scikit-learn_u_scikit-learn-15100	814ca7299c53866dd79553650b5a3ddee312bb053e891cbf9e263c7f5c2f7647	64620
scikit-learn_u_scikit-learn-25102	51a2d32eb02fdd04eed17dcb4f7c9f64e7e5759ce42d2f506a2e763f9359495f	146191
scikit-learn_u_scikit-learn-25232	ddf399e755c39cfabf95612870ed109ffdcccdaf1add63fd9df7f584dc6c7dfb	74020
scikit-learn_u_scikit-learn-25747	2f8eef0e8db06e6ed1e656261401358cec0e82f5084a2ecde5b8a3cb17792403	125741
scikit-learn_u_scikit-learn-25931	bec7e82f09aca6d8b4a92cf8fce62f4797d621be3693470f3a1affef1db7bbc4	84935
scikit-learn_u_scikit-learn-25973	54d254d536d42eb10867d4b43fc8516c8ee24b0cf0ce2eaea857f93c2bd10c16	144746
scikit-learn_u_scikit-learn-26194	2346c96916996db0e053b39f3ca6652921eb9b8e2d430a9c95e6c4b68b870a3a	115567
scikit-learn_u_scikit-learn-26323	7dc1990aca828a96975aaab299d9c8c02e1152922d491c30b2e955588298b181	140923
scikit-learn_u_scikit-learn-9288	0b21a4aac08166d65d4fea15c8102996953a5bd4709ac1c47ccac2014c3a0873	120445
sphinx-doc_u_sphinx-10323	4b1949c050054af401eca1a4fd3aa4d4b9e96de033e426e402e0ce81aa818144	161486
sphinx-doc_u_sphinx-10435	19494fb68f17b0bfd8f6829248cf94dd6f27c77883c64f46913d46a8da595b4a	121561
sphinx-doc_u_sphinx-10449	851361c105793df947546abfb0b9d9d14c2dc805459aced68f10ffb6e9935c2f	259194
sphinx-doc_u_sphinx-10466	0fb9bd0eccd5882db725e7ee11a8ba16567df86d5bf4eb7c2e26e2a517392286	47343
sphinx-doc_u_sphinx-10614	9968e7bb97b10b1a5b612bb50bc836338cf79a6694f05d905a73127f1aeeab50	112707
sphinx-doc_u_sphinx-10673	cd357ef37d1195a9727647a143d07bc24b5c3d9d0562dea13c102e7179577eea	123624
sphinx-doc_u_sphinx-11445	e4baf6f42a14ed5b296109872dd47b3d20ce898989fbb7c2cd9963db52b90529	210899
sphinx-doc_u_sphinx-11510	1cbc7202c565ee0f40e986b473a01efcecc83d43bfe09d0b17b5e4728a0bacad	570082
sphinx-doc_u_sphinx-7440	15c348571682dcd8e328ab83c5981899f83bb28f190e63c9bdf552f065fb3beb	55508
sphinx-doc_u_sphinx-7454	50df7241044e87f1f95715a66dab2cf0b90f61bc6a93151ec819057eb6d74b23	463089
sphinx-doc_u_sphinx-7462	7320e1506ae27f12f5b3827f6c3a17ba63089372b1e76354ca772562480cd087	72351
sphinx-doc_u_sphinx-7590	e4084c38bb10956a7be8fffb53d53b0b6a9367c663ebc527e0decd0d0a6aef22	144791
sphinx-doc_u_sphinx-7748	521c238c1a4cdcb36ef10300bfe04c309c6fdb4642ea72fbd245e0ebaa11565f	108421
sphinx-doc_u_sphinx-7757	a150584113ca65c376412f27bffdf335ded43578ed7bfae96a10ee2b59a15ed8	204003
sphinx-doc_u_sphinx-7889	10c4958938b773846c7ccd0f028a5b9cdfbe79d1311a6beee5e26102f6fc439f	101707
sphinx-doc_u_sphinx-7910	fd948cf0b30a68c0d92bda5231e698ed4f8a8563cfc2ab1620d483b01c3a04a1	110208
sphinx-doc_u_sphinx-7985	0df6d4727d6361d38ee5bb2bee4f0f5b69d6eb9e2690c0e00bf8f0f69d469d91	128665
sphinx-doc_u_sphinx-8035	855a7d8cce007b7927cdf737ec1a883a8c282870b98f665207bce37d101849c4	168664
sphinx-doc_u_sphinx-8056	121d34433fc5cf7b2ffb1448aba6fd4de1dda2b92cf617da1a4f01ac2db65922	161076
sphinx-doc_u_sphinx-8120	309472b052803114feeb2e5c36bc07eeeedeed6917116493ad5f0bee5e1793c0	109074
sphinx-doc_u_sphinx-8265	162a0eabfaab2f8d46e6706cf2c2e76a4beae2f957e1295d50503f3bc53ef8b4	198198
sphinx-doc_u_sphinx-8269	b623d8f9e896e3c275dc9d22710936cee39e8243d791f75ef649041c334ad201	99911
sphinx-doc_u_sphinx-8459	774e6da4a49831f7b1cda719d9fb1ece990002b60bf1666e1724a691cc59275c	197171
sphinx-doc_u_sphinx-8475	43f1b537e0cbe1bda9a4ab71c6640519dd5c6c24a5ca3ce9424c0e91b7d54d9f	47208
sphinx-doc_u_sphinx-8548	fcbe20f710a6b444cd3617ca6594a7c59c6807ae91f04bae6ef92401d81326aa	151568
sphinx-doc_u_sphinx-8551	1da4e927b29ad885ca0db0e9ddfb58c268bbcfbca45ac5e8133689b75fcf5b2b	272445
sphinx-doc_u_sphinx-8593	a755514b5b6b54251d4dbdcffe6411a2ab4f5228968f157b1e36ba6656d058d4	192384
sphinx-doc_u_sphinx-8595	6a23c33b4653e6bc98ea641e9f8b154e1f8cca617427fc3a57ac2eebbd78babf	122553
sphinx-doc_u_sphinx-8621	b05413b3de3239f34ebadd155646d86d5929aa357ccae9dad31da61c60137098	297818
sphinx-doc_u_sphinx-8638	7792c6d885fb0b1cbafe8d13ea7bacb2c196771b6f43f9b6a7f395fd4d8bd9c9	95901
sphinx-doc_u_sphinx-8721	a25de1d831704429c90d8def61aae507d35d7675c2a07608cff3b0f1bf09b541	223278
sphinx-doc_u_sphinx-9229	f0c7a49d0ede60ffbef76dcd02af83098648b9af583b82999eb539857ac194bd	177037
sphinx-doc_u_sphinx-9230	6ba7eb249b6c6d80951d463310b8a13cda60bae60d7eb9d5014938453e924f44	134931
sphinx-doc_u_sphinx-9258	893c27d7cdff0a9ec45bf6e4711bd951c5233f5e7e74cb04439db41eaa7ce144	123926
sphinx-doc_u_sphinx-9281	e86cb927ce99b6bf8934617f74c8e38298c4080c8efff9ea41c863808ba24c94	91911
sphinx-doc_u_sphinx-9320	5765868093f62101ef5aed3393f8f890434c59ce63cf1899fec664b7de2313b7	149075
sphinx-doc_u_sphinx-9367	46b83f452dd94ef4a6f71b51ef27603738d224bfb1588e041ff8dacfca703355	90792
sphinx-doc_u_sphinx-9461	7260bd35d9970212b31b78198b5efb8ef496909f3650bc1054ae9ab45e71dbcc	106234
sphinx-doc_u_sphinx-9591	c3215a6d0e40c6fc69b4a18f1fc1f38eaefadca85f96d909dfee5d9039abf8c0	171894
sphinx-doc_u_sphinx-9602	bff6edfb89ce5640760931ea64fc7847cfe16f3286b588620a568058eb50f2d5	159559
sphinx-doc_u_sphinx-9658	238eeaf9f6ebd08acfb6983feda1b852c9e38950d6704567e2597d0c1d90aaa3	84482
sphinx-doc_u_sphinx-9673	7c0f1489be78d052d32a23f18f03f0a7f3af760af051dd8d88e30995d4d05d75	201227
sphinx-doc_u_sphinx-9698	ae3b807973e3929eee78261079ffcd15bbfdcbc4a1679e1c8ec9cb0f0621a775	74476
sphinx-doc_u_sphinx-9711	54ef9e805fbc7d35588475b4b8828403f5f9eea67fc092caa4884fdc6cf212dc	82639
sympy_u_sympy-11618	bd49217fcaac735ebb2ddb3150e402db6875b8566531bee6f00c39b5cbffc974	63504
sympy_u_sympy-12096	a45e506978d62bd5776fac13c04eb33177337a595df129741610e67602c6af2d	250318
sympy_u_sympy-12419	378b1867760b6dc3312fc723af13e13da4dbd83e0599c10e4d8b923c34de8ba8	248395
sympy_u_sympy-12481	4c5f9d3405f8116316840f28b7e84a8f3ee0740f6df71ccb7bb8873b80f6bac8	151913
sympy_u_sympy-12489	b9127a1d31cacd83dfbb9ceab7acaa444638265a5b283efa38148e29d4ee16cc	95937
sympy_u_sympy-13031	c4db30313d8130a7a5f249819c148535e02652c288a9a404d88abb07b61b9576	103475
sympy_u_sympy-13091	34a770c82038de6ae162ece890bc710b5d81129f404a77e66fae408a4adea0ed	54582
sympy_u_sympy-13372	c76b54e2aacef84b40fad7284ed6dcf190953052ce155af4218c790b0daeb3a4	96415
sympy_u_sympy-13480	ea15cde492e0cbaae856685fb4159aec66fc798ff1f7df69f6971a42d9e5d7b7	41647
sympy_u_sympy-13551	e3204a52369de66593184914ff7e4f5c7a1e4e3ba74b59e7558c90ac66eecbb0	205625
sympy_u_sympy-13615	d403c4afaa672711844f92ca5427234355cb17f9500a05489fc8049092731d54	175462
sympy_u_sympy-13647	6654e6f73183a8e7853116eab815dadb3a72e68feaeb1daf9f01b413f5785199	112695
sympy_u_sympy-13757	c30a514c5a6f58cd30648532b34b28598add0ef2e2316c2aed98e048616b1159	215427
sympy_u_sympy-13798	55dd8d133ce5641bce93d244052d19814ce9f3c51668cc5c8477f8ed2fdcc16a	37699
sympy_u_sympy-13852	f5acf82d87c186f61876496c73597a6c31e9ccd77fc3b531024397c0f92c4de4	94221
sympy_u_sympy-13877	7f31d68ea5f22eec2f4c054cd6e76e520fe508017362b1483860a51e0fbf17da	87360
sympy_u_sympy-13878	abfcdad6bf29fd39f7c5adf5c3b4a2f21b706db81f16d0aa24bec85e64ea5b70	148022
sympy_u_sympy-13974	16750d2f2953520f79d5ff63eff2bfdecba336824cba18b26b399d6ef1300bc4	90261
sympy_u_sympy-14248	598211ac3a5cab4fd1bf017996974b45c5c79e2a3d55109497c321afacd126a7	266108
sympy_u_sympy-14531	62e44585504fa80b46617bd3265b5eb60313c4532b498c302a14bae1547c03db	99951
sympy_u_sympy-14711	fba18ba0b9e682fc9c1df083bc740ddbd251b2feded8d36e04cf7552a367eee8	73571
sympy_u_sympy-14976	afa62e5fb0fc051e941db30bb04375ea9ccac75a908c892d9e6f3ba6c60d63e1	111899
sympy_u_sympy-15017	0a5badd8fc7a9eefebc2f106ba1b3c2916252a70daf92219b89e4a0912ddddbb	93841
sympy_u_sympy-15345	547d3e8adc8520741de27713a9e519243d411021324ea7ab538814cf8059487d	132640
sympy_u_sympy-15349	6c5bca39b84bb437c21f09cf941b3aca95d82fbbb1c288c75f591a44fd5d0ebe	91473
sympy_u_sympy-15599	330113586defb5480a423f2c45ff7060060d54463a8216388447f726c441907c	93267
sympy_u_sympy-15809	2bfe569bcce78e97077732bda512d6e2cf50f8f36f5d320f478e3200ab27f82b	37552
sympy_u_sympy-15875	536ad674e7d38e9f1b5d5af21a9c3732e2b5c50bf686216aec91ed42872d85bd	96225
sympy_u_sympy-15976	74fd51b0099b065d8c8c80d371c4c8f703bab000313f66cd2548ea79fa202d26	86755
sympy_u_sympy-16450	e775a87f716f0ce291b54fe8e79e6bb1c9e9b4083a695dc47481462466d0cd0f	102339
sympy_u_sympy-16597	0275a7c98b11b673da1260ef81bbcece0280f8f3854a99e06e769e7251f1578b	230844
sympy_u_sympy-16766	bfe4d4537e78cfca2a2bf4d366edd9e975d6c5de504aa50e5fbda874e730636e	82558
sympy_u_sympy-16792	7f155eb149f4d64db63ca5f04a4aae429c523e79565ddee7126c0e4d5c256787	128449
sympy_u_sympy-16886	c9ea526b1c04a33d7bb5a4671579da05690e3d5f710e25fe6764abdd4aa5c3cd	31160
sympy_u_sympy-17139	2123e77153d03e00e0d1b431f9e83c109b326af268522a18b4a7299776d04b25	63872
sympy_u_sympy-17318	899dcae816b9dbbcb66e21d5e81f81c33964fe7b6041ab5e024c1c6402245d9e	66024
sympy_u_sympy-17630	9aa94d358ccb9750f3f85d1e099319187a4a1c94ea2d6442b30d74da6bcf3ca0	122958
sympy_u_sympy-17655	e18ad322764f71d8dc9bf411892e3df3082ee886bbf3bdb638fe12d51cad9181	90834
sympy_u_sympy-18189	314e3785f014133f840593007c9fc3862adf56e11aa37b624ec62c450ec55212	108843
sympy_u_sympy-18199	bb741540f67095d3741ff8098f7316a72dc5df9a66cbe5a3eb44def57891f102	82819
sympy_u_sympy-18211	c2ee2ac134eea982e3a0df1554d91a578b28c06b9931e539e74af69974446e69	88059
sympy_u_sympy-18698	fa45e5babac6b00479c172555be428fbafa20f4d0f7a6f9f13defff05ea8b024	171574
sympy_u_sympy-18763	b7c29dd7b50fc87e8b3405e61867e65a6a8bd884887e1381b7fd0e55a5bf329e	85773
sympy_u_sympy-19040	3031373521aa9601be9882605db2d0fdecec6fe8ca858cde0ea3f501be969224	153838
sympy_u_sympy-19495	d5433bb7d2e5878b14cf90438962742f241620c38f596d3e11b41f8d6dfb4bed	115856
sympy_u_sympy-19637	0431ff8bdd6e089f6e6beb362e6d262e45d730d25524da493c90b7747da71fbc	49792
sympy_u_sympy-19783	72c626990fdb29f71b9807846b443719c7afdb66df3adfdbafc7e3b99f1e8425	112818
sympy_u_sympy-19954	099ed81073a65ef8abb753662624aa458108f17ba011ec5a7f48324f566483b8	57742
sympy_u_sympy-20154	e5590bbdb135e87989b26230e33a3dba0d41da3dfe8bea922a4839132755dfd8	40389
sympy_u_sympy-20428	78d117177b1774b12893bd58860a13d31d353d50a0814862de6a4c2cfc43147c	90546
sympy_u_sympy-20438	bc47ab7056ea0d6e07b1b042d528eb420603874a7c65fa1b7aba171660d87df1	101746
sympy_u_sympy-20590	a56cd20609ecbe091e9fc12bf249fd4b002213067449e0aae1d1c3fd1d371b4d	82430
sympy_u_sympy-20801	9fe40e6724032377289b0204b4ba5e978181bb638e776529cefe262a0d3c81d9	195666
sympy_u_sympy-20916	b7f89257ff2697c3aa67da884465c96b1d525b8a15a9c6fd04135dbb938a8ad0	127342
sympy_u_sympy-21379	bb151bb991b330f951d3906bf60ae722e3eebbc5ea4b313783e36ee7019b2aa5	130531
sympy_u_sympy-21596	cacdda75b4fe6cfa01f06180acddcb0d57da22c3c3e28195e5b06c5e38704135	199066
sympy_u_sympy-21612	991ae9701d03a6f4deb38fd373eb2360998eb65fe67b733a057378857b7f63a4	102466
sympy_u_sympy-21847	9253fffaf1b6c9c9c29d34f712c820239860432f6a5e05fb16f78778cbd7c7c3	95260
sympy_u_sympy-21930	48c136688dcc5e65e9ca93541448a88a438e387339dc97699c004871de925e36	62985
sympy_u_sympy-22080	daa40e4e98134fe4e2ce62a5d55ab08e6ab421f240f5f2ceb863c2300065c9f6	272562
sympy_u_sympy-22456	9c694d883e738451b82179708b76f01375a6c1e1f33749daeb24a0ba7dd9b3e0	53679
sympy_u_sympy-22714	f367d2aa48e93959889eb085b63f16a490c9c6375c532a0a9e80ac119b8e5196	143670
sympy_u_sympy-22914	8ffefe12a753325952b01bc1fae18a52b8a344aeb6971f4259714d7fff8db5c1	98656
sympy_u_sympy-23262	9b470b4abe03b711a55170564d04318769e0976aa9fe128f4776ff303b15c833	220117
sympy_u_sympy-23413	bb9d4cfd34c93b4b104822cb9394301cb419041c0e3224d90ac28d5c641ac148	222000
sympy_u_sympy-23534	0acf29b304463e55f94ed1396a18c33dae691dd10daef958d95c00b6f0c75c14	42181
sympy_u_sympy-23824	3f024feb9711f0f34416d378f22ea4f61c3e58c2715dfacc7607e5ce0fed6c89	71736
sympy_u_sympy-23950	c1a4be7c0fdaf79060ff063759032b67033fe620d214e8f794f092cff68fdc91	72246
sympy_u_sympy-24066	346dbe22a3126acccdb7c5cce199d4657435576fc141fa1a7bde87a489d6432d	114280
sympy_u_sympy-24213	38f1e63c0079a6dd92db95643f4cf4984e9805c41cdebbade771d233005d468a	126184
sympy_u_sympy-24443	5a94e1fe06df6d1a4c9cc78ad50207950d52de68b19cdda240df6ee6d4bdb594	80094
sympy_u_sympy-24539	0bf17663f530e5699dccc7df6cc316c72fa2b940f3dbdcf7b3c26b0defb65723	52768
sympy_u_sympy-24562	ef1376cd919148273f73c9ca0c519092fd7da30d96963523cbca04a2099fd864	129737
sympy_u_sympy-24661	8f8952e39bb857b6d9579b375660fbf75b581e9c450398df90e603014e0e6f70	158193
